insert into sister (sister_id, sister_fname, sister_lname) values (1, 'Henrie', 'Tidy');
insert into sister (sister_id, sister_fname, sister_lname) values (2, 'Frances', 'Dreini');
insert into sister (sister_id, sister_fname, sister_lname) values (3, 'Wendy', 'Draycott');
insert into sister (sister_id, sister_fname, sister_lname) values (4, 'Martica', 'Johannes');
insert into sister (sister_id, sister_fname, sister_lname) values (5, 'Zandra', 'Kinnin');
insert into sister (sister_id, sister_fname, sister_lname) values (6, 'Virgilio', 'Gawne');
insert into sister (sister_id, sister_fname, sister_lname) values (7, 'Loretta', 'Mangham');
insert into sister (sister_id, sister_fname, sister_lname) values (8, 'Shalom', 'Krauze');
insert into sister (sister_id, sister_fname, sister_lname) values (9, 'Reginald', 'Hartegan');
insert into sister (sister_id, sister_fname, sister_lname) values (10, 'Farlay', 'Navaro');
insert into sister (sister_id, sister_fname, sister_lname) values (11, 'Jesse', 'Rozzell');
insert into sister (sister_id, sister_fname, sister_lname) values (12, 'Hestia', 'Lovejoy');
insert into sister (sister_id, sister_fname, sister_lname) values (13, 'Flory', 'Agneau');
insert into sister (sister_id, sister_fname, sister_lname) values (14, 'Nisse', 'Conan');
insert into sister (sister_id, sister_fname, sister_lname) values (15, 'Brad', 'Jankovsky');
insert into sister (sister_id, sister_fname, sister_lname) values (16, 'Janette', 'Daspar');
insert into sister (sister_id, sister_fname, sister_lname) values (17, 'Chaddy', 'Cristoferi');
insert into sister (sister_id, sister_fname, sister_lname) values (18, 'Troy', 'Corbert');
insert into sister (sister_id, sister_fname, sister_lname) values (19, 'Jenica', 'Jeandet');
insert into sister (sister_id, sister_fname, sister_lname) values (20, 'Sheffie', 'Lowmass');
insert into sister (sister_id, sister_fname, sister_lname) values (21, 'Karlan', 'Bristow');
insert into sister (sister_id, sister_fname, sister_lname) values (22, 'Kirstyn', 'Farnes');
insert into sister (sister_id, sister_fname, sister_lname) values (23, 'Bertine', 'Josskovitz');
insert into sister (sister_id, sister_fname, sister_lname) values (24, 'Josefa', 'Euels');

INSERT INTO ward VALUES
    (1,'Cancer',24,12,100),
    (2,'Brakes',23,10,100),
    (3,'liver',22,10,100),
    (4,'OD',21,11,100),
    (5,'Hearth',20,10,100),
    (6,'Brain',19,8,100),
    (7,'Eye',18,12,100),
    (8,'Ear',17,12,100),
    (9,'Throat',16,10,100),
    (10,'Skin',15,9,100),
    (11,'Pregnancy',14,12,100),
    (12,'Knife wounds',13,11,100),
    (13,'private cancer',10,8,800),
    (14,'prv genral',11,8,800),
    (15,'private brain',12,12,800),
    (16,'general',8,12,100),
    (17,'car crash',9,10,100),
    (18,'general 2',7,9,100),
    (19,'general 3',6,9,100),
    (20,'general 4',5,12,100),
    (21,'prv genral 2',4,12,800),
    (22,'prv general 3',1,12,800),
    (23,'prv general 4',3,9,800),
    (24,'a&e',2,8,100);
    
 
    
INSERT INTO patient VALUES
    (1,'Stoddard','Brownill','70314 Hazelcrest Plaza','1987-01-21 00:00:00','Female'),
    (2,'Cassandra','Gayden','29589 Tomscot Drive','1980-03-31 00:00:00','Female'),
    (3,'Leone','Coping','0886 Cody Place','1953-02-09 00:00:00','Female'),
    (4,'Justinian','Sally','9215 Superior Alley','1961-08-19 00:00:00','Male'),
    (5,'Addison','Griffiths','315 Haas Terrace','2012-12-12 00:00:00','Male'),
    (6,'Martguerita','Gladding','994 David Plaza','1972-11-23 00:00:00','Female'),
    (7,'Sander','Sabie','2 Lunder Center','1968-06-22 00:00:00','Male'),
    (8,'Ulrick','Lembcke','45 Schiller Alley','1991-09-13 00:00:00','Male'),
    (9,'Gregg','Burgum','0332 Armistice Way','1994-09-19 00:00:00','Male'),
    (10,'Fifine','Turfus','480 Darwin Trail','1939-09-27 00:00:00','Female'),
    (11,'Napoleon','Macilhench','6 Shopko Court','1998-09-13 00:00:00','Male'),
    (12,'Jaimie','Shimmin','52 Hoard Junction','1997-06-10 00:00:00','Male'),
    (13,'Alberta','Anfosso','52 Union Avenue','1926-07-11 00:00:00','Female'),
    (14,'Jasmina','Planque','14 Lakewood Alley','1997-01-21 00:00:00','Female'),
    (15,'Thornie','Darlow','2 Riverside Trail','1922-10-18 00:00:00','Male'),
    (16,'Dniren','Brierly','6561 Monica Plaza','1973-12-06 00:00:00','Female'),
    (17,'Claudius','Greenroad','5971 Arizona Plaza','1990-01-21 00:00:00','Male'),
    (18,'Gerry','Gallichan','16809 Pearson Street','1951-12-04 00:00:00','Male'),
    (19,'Kaiser','Klaas','325 Forest Dale Park','1939-01-10 00:00:00','Male'),
    (20,'Carline','Pock','5 Park Meadow Terrace','1961-08-03 00:00:00','Female'),
    (21,'Evaleen','Getch','05 Ludington Pass','1967-10-17 00:00:00','Female'),
    (22,'Reuven','Korfmann','84296 Sauthoff Point','1952-08-26 00:00:00','Male'),
    (23,'Mile','Wakes','5 Del Mar Crossing','1974-04-14 00:00:00','Male'),
    (24,'Chan','Konrad','1 Clarendon Court','1988-07-17 00:00:00','Male'),
    (25,'Gonzalo','Tawton','9 Trailsway Center','1944-04-09 00:00:00','Male'),
    (26,'Sharline','Haken','3 Messerschmidt Alley','1953-01-17 00:00:00','Female'),
    (27,'Alison','Last','68437 Waxwing Park','1968-08-01 00:00:00','Female'),
    (28,'Griselda','Curd','36511 Grayhawk Avenue','1921-06-23 00:00:00','Female'),
    (29,'Shanan','Corney','3766 Straubel Court','1933-11-22 00:00:00','Male'),
    (30,'Wenonah','Wittleton','502 Packers Hill','2011-05-31 00:00:00','Female'),
    (31,'Loren','Letterese','64941 Mosinee Street','1966-05-29 00:00:00','Female'),
    (32,'Haleigh','Ravenhill','9 Lighthouse Bay Parkway','1977-08-14 00:00:00','Male'),
    (33,'Waverley','Farreil','0 Hoepker Street','1990-10-10 00:00:00','Male'),
    (34,'Sharlene','Boarleyson','85 Forest Run Junction','1941-09-05 00:00:00','Female'),
    (35,'Isador','Marchello','79 Oakridge Street','1981-06-03 00:00:00','Male'),
    (36,'Royal','Phillis','13 Rowland Junction','1946-06-18 00:00:00','Male'),
    (37,'Val','Gumby','1 Gale Parkway','1971-01-17 00:00:00','Female'),
    (38,'Ulick','Lugg','3 Truax Hill','2017-11-13 00:00:00','Male'),
    (39,'Annabel','Norwood','59655 Vahlen Court','1983-07-21 00:00:00','Female'),
    (40,'Gerek','Chipp','9 Lunder Point','2005-09-23 00:00:00','Male'),
    (41,'Annemarie','de Verson','5025 Weeping Birch Alley','2010-12-21 00:00:00','Female'),
    (42,'Karly','Lippitt','1 Roth Street','2017-12-31 00:00:00','Female'),
    (43,'Audrey','Linnard','28 Bunker Hill Road','1957-06-12 00:00:00','Female'),
    (44,'Emilia','Stockman','50845 Birchwood Street','1968-11-09 00:00:00','Female'),
    (45,'Dedra','Benasik','022 Lawn Terrace','1968-03-11 00:00:00','Female'),
    (46,'Belinda','Cheese','51 Continental Avenue','2013-07-12 00:00:00','Female'),
    (47,'Milt','Perrygo','5 Gulseth Crossing','1941-08-11 00:00:00','Male'),
    (48,'Donnamarie','Bowne','7 Burrows Trail','1996-12-27 00:00:00','Female'),
    (49,'Tracey','Vlasov','0 Marquette Way','1999-12-21 00:00:00','Female'),
    (50,'Toby','Metzig','82 Lillian Alley','1943-07-29 00:00:00','Male'),
    (51,'Euell','Fuller','7823 Amoth Terrace','1944-09-22 00:00:00','Male'),
    (52,'Abby','Gooddy','6049 Pawling Plaza','1932-01-26 00:00:00','Female'),
    (53,'Britt','Fontes','790 Arkansas Plaza','1963-12-25 00:00:00','Male'),
    (54,'Arabele','Beteriss','85 Dottie Center','1996-08-28 00:00:00','Female'),
    (55,'Danya','Fitton','2034 Crest Line Alley','1963-01-07 00:00:00','Male'),
    (56,'Amara','Housby','43 Paget Way','1947-08-07 00:00:00','Female'),
    (57,'Ruddie','Jime','7564 Hoepker Junction','1943-01-22 00:00:00','Male'),
    (58,'Della','Bailie','4 Gerald Street','1955-10-30 00:00:00','Female'),
    (59,'Bradan','Courtin','8883 Monument Plaza','2002-06-05 00:00:00','Male'),
    (60,'Della','Doberer','54 Rutledge Court','1937-06-30 00:00:00','Female'),
    (61,'Feodor','Gebbe','512 Oriole Alley','2002-12-05 00:00:00','Male'),
    (62,'Hailey','Kenningham','6706 Lotheville Way','2007-03-08 00:00:00','Male'),
    (63,'Stavros','Randales','21 Rowland Drive','1972-07-03 00:00:00','Male'),
    (64,'Ambrosius','Howell','3668 Summerview Drive','1991-06-30 00:00:00','Male'),
    (65,'Corenda','Akehurst','5 Sherman Place','1937-04-25 00:00:00','Female'),
    (66,'Shandee','Dinsell','66634 Jana Pass','1950-05-24 00:00:00','Female'),
    (67,'Frederigo','Bundey','85778 Pleasure Circle','1964-10-05 00:00:00','Male'),
    (68,'Grayce','McIlwraith','13086 Maple Wood Plaza','1936-04-21 00:00:00','Female'),
    (69,'Bibby','Farrens','1 Aberg Way','1970-01-09 00:00:00','Female'),
    (70,'Kalila','Brunini','7 Cherokee Alley','2000-02-29 00:00:00','Female'),
    (71,'Felix','Boor','746 American Hill','1983-09-17 00:00:00','Male'),
    (72,'Bryce','Bavidge','07 Northridge Place','1968-01-06 00:00:00','Male'),
    (73,'Leonardo','Medlen','8 Fuller Hill','1957-08-01 00:00:00','Male'),
    (74,'Sylvan','Amerighi','9 Swallow Point','1955-11-27 00:00:00','Male'),
    (75,'Maisey','Dishmon','799 Browning Avenue','1943-09-15 00:00:00','Female'),
    (76,'Meridel','Tessyman','665 Dottie Trail','1978-11-12 00:00:00','Female'),
    (77,'Cully','Palmar','97 Walton Drive','2001-10-22 00:00:00','Male'),
    (78,'Fran','Olliffe','2 7th Lane','2006-07-21 00:00:00','Male'),
    (79,'Cary','Gehrts','163 Upham Circle','1990-04-20 00:00:00','Male'),
    (80,'Rosie','Verdon','0617 Graedel Park','1946-08-06 00:00:00','Female'),
    (81,'Alana','Noore','02495 Mesta Street','1976-12-07 00:00:00','Female'),
    (82,'Domingo','Prose','63764 Canary Circle','1986-03-17 00:00:00','Male'),
    (83,'Burke','Groucutt','366 Schlimgen Alley','1969-10-29 00:00:00','Male'),
    (84,'Elva','Botton','10 Buena Vista Court','1986-06-04 00:00:00','Female'),
    (85,'Talbert','Rableau','87 Reindahl Place','1957-08-06 00:00:00','Male'),
    (86,'Netty','Sabie','210 Garrison Pass','1964-11-11 00:00:00','Female'),
    (87,'Crichton','Grinsdale','781 Park Meadow Plaza','1965-11-15 00:00:00','Male'),
    (88,'Sanders','Hutcheons','1 Atwood Drive','1922-08-29 00:00:00','Male'),
    (89,'Claybourne','Vossgen','725 Karstens Place','1949-08-16 00:00:00','Male'),
    (90,'Wendie','Lorence','5 Arkansas Drive','2018-07-16 00:00:00','Female'),
    (91,'Cahra','Duddell','6465 Surrey Street','2007-01-11 00:00:00','Female'),
    (92,'Halie','Piatek','652 Pleasure Place','2011-02-16 00:00:00','Female'),
    (93,'Cecilia','Barwick','1 Comanche Circle','1952-08-28 00:00:00','Female'),
    (94,'Marty','Macrow','65958 Miller Circle','2009-10-18 00:00:00','Male'),
    (95,'Orbadiah','Westell','41826 Vera Junction','1965-05-31 00:00:00','Male'),
    (96,'Heinrick','Payne','854 Merrick Crossing','1992-08-10 00:00:00','Male'),
    (97,'Zaccaria','Tallon','766 Columbus Avenue','1986-01-02 00:00:00','Male'),
    (98,'Arnaldo','Tebald','34668 Sachtjen Park','2017-02-23 00:00:00','Male'),
    (99,'Coop','Orchart','06 Green Plaza','1984-08-13 00:00:00','Male'),
    (100,'Rianon','Darben','34 Green Ridge Alley','1962-01-25 00:00:00','Female'),
    (101,'Phil','Robberts','2 La Follette Junction','1968-03-27 00:00:00','Male'),
    (102,'Phylys','Isakson','07 Rusk Drive','1989-08-06 00:00:00','Female'),
    (103,'Wandie','Moles','909 Calypso Street','1960-03-07 00:00:00','Female'),
    (104,'Bobbi','Tibbs','5 Lakewood Park','1954-01-03 00:00:00','Female'),
    (105,'Vitia','Morpeth','92666 Lunder Center','1985-02-11 00:00:00','Female'),
    (106,'Bobbye','Gerholz','60491 School Lane','1962-09-23 00:00:00','Female'),
    (107,'Raphael','Vost','87 Atwood Alley','1926-01-24 00:00:00','Male'),
    (108,'Cesare','Wetherhead','75 Forest Run Circle','1945-10-13 00:00:00','Male'),
    (109,'Bendix','Hupka','68 Commercial Pass','1999-02-12 00:00:00','Male'),
    (110,'Amandy','Crowther','0 Bunting Avenue','1934-05-18 00:00:00','Female'),
    (111,'Eloise','Huntress','53 Hanover Court','1921-01-18 00:00:00','Female'),
    (112,'Nevile','Ferrick','2 Derek Hill','2002-03-15 00:00:00','Male'),
    (113,'Ripley','Wallhead','6358 Duke Junction','1933-10-10 00:00:00','Male'),
    (114,'Shay','Joel','470 Lakeland Road','1982-05-18 00:00:00','Male'),
    (115,'Shirlee','Hudleston','5 Oriole Point','1930-12-28 00:00:00','Female'),
    (116,'Joanne','Olek','5 Gulseth Plaza','1936-11-02 00:00:00','Female'),
    (117,'Ignazio','Lackemann','52904 High Crossing Place','1959-09-01 00:00:00','Male'),
    (118,'Consuelo','Rosengart','26221 Alpine Street','1940-08-31 00:00:00','Female'),
    (119,'Sidney','Dacombe','68 Pawling Plaza','1984-10-27 00:00:00','Male'),
    (120,'Paulita','Jenkison','507 Hallows Road','1972-11-25 00:00:00','Female'),
    (121,'Althea','Bexon','7 Reinke Trail','1958-04-18 00:00:00','Female'),
    (122,'Adaline','Albers','7 Southridge Avenue','1982-06-16 00:00:00','Female'),
    (123,'Chalmers','Wignall','239 Mayfield Lane','2008-12-14 00:00:00','Male'),
    (124,'Adan','Schurig','94 Fair Oaks Park','1986-07-19 00:00:00','Female'),
    (125,'Carmel','Baxstair','0 Express Terrace','1963-04-24 00:00:00','Female'),
    (126,'Hanny','Windybank','1 Mallard Court','1998-02-19 00:00:00','Female'),
    (127,'Davide','Kiss','30 Milwaukee Point','2011-04-11 00:00:00','Male'),
    (128,'Liane','Shildrick','0880 Monica Center','2012-10-14 00:00:00','Female'),
    (129,'Carola','Stapleford','5 Comanche Plaza','1936-03-24 00:00:00','Female'),
    (130,'Gusty','Dumper','2 Dottie Trail','2011-08-05 00:00:00','Female'),
    (131,'Aldous','Arbuckel','4 John Wall Terrace','1974-08-11 00:00:00','Male'),
    (132,'Shae','Waywell','067 Kensington Point','1960-11-17 00:00:00','Female'),
    (133,'Inge','Gambles','719 Golden Leaf Parkway','1999-06-21 00:00:00','Female'),
    (134,'Sheryl','Ozelton','13 Stang Road','1990-10-11 00:00:00','Female'),
    (135,'Richmound','Harpur','32 Quincy Junction','1952-11-02 00:00:00','Male'),
    (136,'Linnie','Soda','7 Carey Circle','1921-07-20 00:00:00','Female'),
    (137,'Isobel','McCowen','004 Lien Pass','1949-12-23 00:00:00','Female'),
    (138,'Carolyn','Hryniewicz','9597 Bunker Hill Pass','1948-04-28 00:00:00','Female'),
    (139,'Lesly','Linggard','01 Drewry Street','1931-05-26 00:00:00','Female'),
    (140,'Chrisy','Droghan','2047 Orin Crossing','1981-05-11 00:00:00','Male'),
    (141,'Delano','Bows','01 Northridge Point','1981-08-25 00:00:00','Male'),
    (142,'Guy','Berzins','4 Knutson Circle','1993-06-01 00:00:00','Male'),
    (143,'Willdon','January','654 Autumn Leaf Junction','1936-03-15 00:00:00','Male'),
    (144,'Goraud','Jeremiah','58 Northview Park','1936-12-07 00:00:00','Male'),
    (145,'Frederic','Spurgin','06 Havey Crossing','1992-01-20 00:00:00','Male'),
    (146,'Stacee','Kynder','4 Dorton Circle','2005-12-02 00:00:00','Male'),
    (147,'Katuscha','Tofano','0 Jackson Plaza','1970-01-16 00:00:00','Female'),
    (148,'Scot','Iddins','95 Tennessee Drive','1922-05-08 00:00:00','Male'),
    (149,'Zaria','Awmack','59 Clyde Gallagher Crossing','2014-03-14 00:00:00','Female'),
    (150,'Arvie','Pollitt','0162 Superior Crossing','1992-08-12 00:00:00','Male'),
    (151,'Steward','Simpkiss','21432 Anthes Point','1965-08-01 00:00:00','Male'),
    (152,'Marsha','Rhoades','44 Redwing Drive','1929-05-05 00:00:00','Female'),
    (153,'Alwyn','Extal','6087 Arapahoe Park','1959-05-21 00:00:00','Male'),
    (154,'Alikee','Moules','80 Annamark Terrace','1977-05-07 00:00:00','Female'),
    (155,'Othello','Grey','0345 Crowley Junction','1956-10-03 00:00:00','Male'),
    (156,'Marlene','McClaughlin','71872 Arkansas Junction','1959-07-09 00:00:00','Female'),
    (157,'Brody','Curme','15 Caliangt Avenue','2016-01-13 00:00:00','Male'),
    (158,'Filberto','Heliet','2396 Shopko Drive','1944-08-07 00:00:00','Male'),
    (159,'Shurlocke','Edmand','78 Bay Point','1975-05-29 00:00:00','Male'),
    (160,'Eliot','Gibbieson','1 Schmedeman Pass','1939-06-08 00:00:00','Male'),
    (161,'Trace','Harberer','854 Porter Point','2009-12-22 00:00:00','Male'),
    (162,'Tymothy','Mowday','371 Vera Avenue','1972-04-02 00:00:00','Male'),
    (163,'Darryl','Vedenyapin','9469 Haas Point','1958-08-03 00:00:00','Male'),
    (164,'Ignazio','Ilyinykh','10113 Nelson Terrace','1940-04-26 00:00:00','Male'),
    (165,'Iorgos','Rideout','5190 Fallview Place','2011-03-03 00:00:00','Male'),
    (166,'Elinor','Huske','105 Clyde Gallagher Alley','2001-08-06 00:00:00','Female'),
    (167,'Odelinda','Vagg','0 Myrtle Hill','1986-06-12 00:00:00','Female'),
    (168,'Petr','Creamer','953 Corscot Street','2012-09-28 00:00:00','Male'),
    (169,'Dore','Mitrikhin','730 Dexter Park','1982-04-09 00:00:00','Male'),
    (170,'Ekaterina','Fitch','649 Esker Avenue','2009-04-16 00:00:00','Female'),
    (171,'Steffie','Leonards','4568 Kinsman Alley','1929-07-05 00:00:00','Female'),
    (172,'Waldemar','Brende','3 Colorado Parkway','1977-11-04 00:00:00','Male'),
    (173,'Paddy','Coghill','49 Schmedeman Plaza','2001-01-29 00:00:00','Male'),
    (174,'Camel','Manwaring','6 Sommers Parkway','1971-01-18 00:00:00','Female'),
    (175,'Bunnie','Piser','538 Lawn Center','1956-08-12 00:00:00','Female'),
    (176,'Kiersten','Crompton','528 Delladonna Alley','2006-02-24 00:00:00','Female'),
    (177,'Doroteya','Zink','86 Nancy Court','1993-09-11 00:00:00','Female'),
    (178,'Josefina','Sherer','19632 Doe Crossing Lane','1939-01-10 00:00:00','Female'),
    (179,'Maurise','Licciardi','2683 Hanover Plaza','1997-04-03 00:00:00','Male'),
    (180,'Gianina','Batchan','92880 Kinsman Lane','1922-05-06 00:00:00','Female'),
    (181,'Andie','Camili','6 Texas Crossing','1963-03-14 00:00:00','Female'),
    (182,'Bobby','Mockett','2 Duke Point','1987-12-23 00:00:00','Female'),
    (183,'Herold','Henze','84 Valley Edge Drive','2002-05-27 00:00:00','Male'),
    (184,'Magdalene','Knell','40491 Oak Valley Park','2003-05-05 00:00:00','Female'),
    (185,'Egon','Zorzini','5 Boyd Point','2009-12-10 00:00:00','Male'),
    (186,'Garey','Mutimer','2 Gerald Park','1976-09-04 00:00:00','Male'),
    (187,'Rhys','Yosselevitch','9570 Cardinal Junction','1989-09-03 00:00:00','Male'),
    (188,'Lynelle','Litt','35 Gina Avenue','1932-06-28 00:00:00','Female'),
    (189,'Doti','Twatt','5895 Atwood Street','2001-03-18 00:00:00','Female'),
    (190,'Dorita','Shenton','769 Grover Parkway','1953-11-11 00:00:00','Female'),
    (191,'Sanderson','Champken','33912 Pennsylvania Center','1992-12-08 00:00:00','Male'),
    (192,'Meir','Snaden','2 Arrowood Alley','1955-06-16 00:00:00','Male'),
    (193,'Chloris','Rabley','5109 Spenser Parkway','2003-08-25 00:00:00','Female'),
    (194,'Jarrid','Labbe','2 Algoma Lane','1922-12-04 00:00:00','Male'),
    (195,'Donal','Schout','0 Crest Line Center','1924-01-12 00:00:00','Male'),
    (196,'Boot','Beebee','64774 Hanson Road','1976-09-29 00:00:00','Male'),
    (197,'Madonna','Smitten','5583 Ruskin Street','2005-01-11 00:00:00','Female'),
    (198,'Siward','Dunstall','1416 Holy Cross Crossing','1971-10-09 00:00:00','Male'),
    (199,'Elnar','Fuzzens','10363 Hallows Avenue','1938-04-16 00:00:00','Male'),
    (200,'Lilyan','Thistleton','06061 Milwaukee Avenue','1963-12-18 00:00:00','Female'),
    (201,'Edgard','Francello','37 Michigan Park','1975-11-20 00:00:00','Male'),
    (202,'Flora','Fabbro','4 Fieldstone Junction','1977-03-24 00:00:00','Female'),
    (203,'Josefina','Abramson','32 Lakeland Plaza','1937-07-17 00:00:00','Female'),
    (204,'Conrad','Gorman','6154 Cascade Parkway','1944-11-28 00:00:00','Male'),
    (205,'Eugen','Claye','40 Alpine Terrace','1933-10-10 00:00:00','Male'),
    (206,'Hedwig','Baline','6232 Sachs Way','1963-07-12 00:00:00','Female'),
    (207,'Genni','Caldero','26373 Menomonie Circle','1979-11-21 00:00:00','Female'),
    (208,'Shantee','Brumhead','73 Haas Street','2009-10-25 00:00:00','Female'),
    (209,'Virgil','Pampling','183 Cody Court','1978-09-12 00:00:00','Male'),
    (210,'Wenonah','Giff','4660 Pierstorff Alley','1970-08-02 00:00:00','Female'),
    (211,'Godfrey','Gascard','24 Charing Cross Alley','1943-09-29 00:00:00','Male'),
    (212,'Elisabet','Caughan','8 Clemons Avenue','1996-05-06 00:00:00','Female'),
    (213,'Salvidor','Breckwell','3 Service Place','2008-04-13 00:00:00','Male'),
    (214,'Eleanor','Ing','86 Northview Alley','1933-03-14 00:00:00','Female'),
    (215,'Kizzie','Hext','401 Portage Park','2005-06-23 00:00:00','Female'),
    (216,'Murdock','Mead','45906 Oxford Park','1921-01-22 00:00:00','Male'),
    (217,'Antonin','Coale','61 Fallview Way','1975-02-19 00:00:00','Male'),
    (218,'Michal','Orchart','446 Springview Terrace','1995-11-14 00:00:00','Female'),
    (219,'Tom','Dewer','46 Northview Trail','1948-01-31 00:00:00','Male'),
    (220,'Edouard','Lorence','76580 North Place','1958-04-07 00:00:00','Male'),
    (221,'Myrah','Trolley','1 Fair Oaks Circle','1936-03-28 00:00:00','Female'),
    (222,'Iggie','Barlthrop','282 Mcguire Hill','2003-12-11 00:00:00','Male'),
    (223,'Cristie','Jedrasik','4 Independence Avenue','1920-12-28 00:00:00','Female'),
    (224,'Casey','Zapatero','97 Melody Pass','1987-06-07 00:00:00','Female'),
    (225,'Livvyy','Caplen','030 Upham Drive','1935-04-07 00:00:00','Female'),
    (226,'Renault','Trenoweth','3 Crownhardt Alley','1982-09-14 00:00:00','Male'),
    (227,'Johannes','Balaam','37 Kings Junction','1939-06-02 00:00:00','Male'),
    (228,'Jessie','Donovan','20 Sachs Drive','2011-03-13 00:00:00','Male'),
    (229,'Rianon','Streets','90568 Hollow Ridge Terrace','1929-09-19 00:00:00','Female'),
    (230,'Worthy','Renwick','036 Chive Crossing','1964-02-28 00:00:00','Male'),
    (231,'Cristobal','Fonteyne','15869 Arapahoe Circle','1956-04-29 00:00:00','Male'),
    (232,'Normand','Eade','47078 Fieldstone Street','1970-12-06 00:00:00','Male'),
    (233,'Cully','Lutwidge','14 Vermont Park','2001-09-22 00:00:00','Male'),
    (234,'Cleavland','Moyce','00 Cottonwood Court','2012-03-28 00:00:00','Male'),
    (235,'Lucias','Cardo','4494 Maryland Alley','1972-01-23 00:00:00','Male'),
    (236,'Holli','Klimkowski','49322 Carey Crossing','1986-10-05 00:00:00','Female'),
    (237,'Saul','Brosch','2094 Dahle Park','1980-03-17 00:00:00','Male'),
    (238,'Rolando','Churching','7982 Mockingbird Park','1954-07-14 00:00:00','Male'),
    (239,'Trevar','Laborde','38 Everett Plaza','1948-01-14 00:00:00','Male'),
    (240,'Oriana','Wilton','6 Muir Way','1923-10-12 00:00:00','Female'),
    (241,'Broddy','Baudassi','716 Longview Drive','1953-12-21 00:00:00','Male'),
    (242,'Brian','Blamphin','6 American Ash Plaza','1946-11-08 00:00:00','Male'),
    (243,'Rolfe','Jansson','945 Westridge Avenue','1944-12-27 00:00:00','Male'),
    (244,'Ettie','Jannex','27 Kropf Point','1943-10-05 00:00:00','Female'),
    (245,'Kip','Arnout','06 Sundown Terrace','1964-02-28 00:00:00','Male'),
    (246,'Fransisco','Spritt','0 Starling Pass','1955-07-09 00:00:00','Male'),
    (247,'Alleen','Duker','845 Pearson Lane','1979-01-29 00:00:00','Female'),
    (248,'Domingo','Edrich','72366 Sauthoff Circle','1978-03-06 00:00:00','Male'),
    (249,'Margret','Greatrakes','45582 Mandrake Road','1925-01-29 00:00:00','Female'),
    (250,'Germain','Ludron','44 Hoffman Crossing','1995-03-01 00:00:00','Male');
INSERT INTO patient VALUES
    (251,'Phillipp','Trueman','50 Magdeline Alley','1939-09-03 00:00:00','Male'),
    (252,'Edd','Veronique','81 Twin Pines Center','1951-01-04 00:00:00','Male'),
    (253,'Mandie','Tincombe','902 Hagan Center','1995-01-03 00:00:00','Female'),
    (254,'Garry','Lobell','69416 Melvin Center','2011-07-25 00:00:00','Male'),
    (255,'Zara','Byfford','03677 West Center','1940-01-21 00:00:00','Female'),
    (256,'Karisa','Guess','92210 Morning Street','1929-04-21 00:00:00','Female'),
    (257,'Livvy','Mewes','5 Tomscot Circle','1965-03-30 00:00:00','Female'),
    (258,'Lefty','Durtnal','6 Shopko Pass','2011-01-07 00:00:00','Male'),
    (259,'Corabel','Beeton','18468 Moland Pass','2008-02-19 00:00:00','Female'),
    (260,'Cecilla','Flaxman','804 Brown Street','1945-07-17 00:00:00','Female'),
    (261,'Forest','Beaumont','0429 Sherman Hill','1943-12-20 00:00:00','Male'),
    (262,'Rycca','Meltetal','58253 Havey Hill','2005-05-26 00:00:00','Female'),
    (263,'Iosep','Denne','73 La Follette Trail','1950-10-08 00:00:00','Male'),
    (264,'Carce','Troup','4 Becker Crossing','1985-02-08 00:00:00','Male'),
    (265,'Antonio','Proffitt','86493 Grim Way','2011-04-02 00:00:00','Male'),
    (266,'Brigg','Gronauer','4 Marquette Road','1952-07-08 00:00:00','Male'),
    (267,'Nahum','Sutterby','7827 Brown Alley','1965-12-19 00:00:00','Male'),
    (268,'Elena','Harrap','2189 Kennedy Terrace','2012-06-14 00:00:00','Female'),
    (269,'Myriam','Mein','75425 Chive Court','1967-01-16 00:00:00','Female'),
    (270,'Eudora','Grzesiak','84 Marquette Junction','1972-06-20 00:00:00','Female'),
    (271,'Esme','Biddlestone','34676 Oxford Avenue','1974-10-24 00:00:00','Female'),
    (272,'Rebeca','Filtness','4 Cherokee Center','1989-08-10 00:00:00','Female'),
    (273,'Hamel','Youster','8 Tennessee Junction','1940-12-12 00:00:00','Male'),
    (274,'Jeanine','Callendar','5363 Hauk Street','1933-12-09 00:00:00','Female'),
    (275,'Jonell','Spence','27 Starling Place','1972-12-06 00:00:00','Female'),
    (276,'Arel','Morten','221 Clarendon Trail','1947-12-06 00:00:00','Male'),
    (277,'Renelle','Alderson','7 Gateway Crossing','1998-08-18 00:00:00','Female'),
    (278,'Hadria','Iannelli','60471 Eagan Drive','2000-11-09 00:00:00','Female'),
    (279,'Ashby','Webby','22 Loeprich Terrace','1961-05-03 00:00:00','Male'),
    (280,'Troy','Hyde-Chambers','923 Everett Street','1940-06-10 00:00:00','Male'),
    (281,'Astrid','Aleshkov','0335 Twin Pines Circle','1935-04-15 00:00:00','Female'),
    (282,'Sid','Wringe','50 Tomscot Avenue','2001-02-26 00:00:00','Male'),
    (283,'Bent','Witchell','67610 Eliot Hill','1974-03-17 00:00:00','Male'),
    (284,'Lita','Mielnik','734 Reindahl Terrace','1998-10-13 00:00:00','Female'),
    (285,'Gherardo','Muino','315 Debra Drive','2002-04-04 00:00:00','Male'),
    (286,'Perkin','Mcettrick','65 Gina Lane','1964-05-25 00:00:00','Male'),
    (287,'Tierney','Foltin','5 Dawn Parkway','2009-10-08 00:00:00','Female'),
    (288,'Sarette','Lackington','84579 Continental Trail','2005-03-21 00:00:00','Female'),
    (289,'Demetria','Ilyunin','0 Corscot Street','1934-03-06 00:00:00','Female'),
    (290,'Karlotta','Cockell','7410 Prairieview Court','1945-07-27 00:00:00','Female'),
    (291,'Baxy','Marrow','608 Lakewood Point','1975-09-03 00:00:00','Male'),
    (292,'Titos','Crossfeld','226 Merrick Point','1985-10-25 00:00:00','Male'),
    (293,'Denyse','Neilan','18 Shasta Junction','2009-03-27 00:00:00','Female'),
    (294,'Jacquelyn','Jeffreys','7 Parkside Terrace','1995-05-04 00:00:00','Female'),
    (295,'Ermin','Wagstaffe','9920 Oak Valley Crossing','1958-01-04 00:00:00','Male'),
    (296,'Cchaddie','Lingwood','11 Drewry Alley','1998-08-06 00:00:00','Male'),
    (297,'Hedwiga','Aronowicz','46 Briar Crest Pass','2005-09-17 00:00:00','Female'),
    (298,'Hewie','Woodes','37167 Comanche Plaza','1996-01-11 00:00:00','Male'),
    (299,'Dorey','Gier','94 Northview Circle','1996-04-13 00:00:00','Male'),
    (300,'Rozalin','Gurery','77973 Novick Parkway','1995-05-28 00:00:00','Female'),
    (301,'Minda','Broun','12394 American Park','1996-08-20 00:00:00','Female'),
    (302,'Seline','Calafato','122 Killdeer Street','1953-05-05 00:00:00','Female'),
    (303,'Agace','Davidge','9 Bowman Terrace','1994-08-15 00:00:00','Female'),
    (304,'Darin','Wiltshire','51520 Lakewood Street','1923-02-06 00:00:00','Male'),
    (305,'Troy','McKinlay','090 Main Drive','1966-01-11 00:00:00','Male'),
    (306,'Jerad','Wallhead','81 Bartillon Way','1943-05-08 00:00:00','Male'),
    (307,'Darren','Arnefield','210 Pine View Drive','2011-03-30 00:00:00','Male'),
    (308,'Rica','Gillet','3 Forest Pass','2013-01-28 00:00:00','Female'),
    (309,'Huntington','Sterricks','67 Morningstar Drive','1965-08-21 00:00:00','Male'),
    (310,'Gerhard','Janko','0 Manley Avenue','1945-12-15 00:00:00','Male'),
    (311,'Jay','Emm','6861 Main Road','1951-07-30 00:00:00','Male'),
    (312,'Tresa','MacMearty','48 Pankratz Hill','1991-01-12 00:00:00','Female'),
    (313,'Domenico','Ambridge','1361 Garrison Street','1939-11-29 00:00:00','Male'),
    (314,'Vanna','Blanking','4 Atwood Place','1987-08-14 00:00:00','Female'),
    (315,'Doroteya','Primak','63 Longview Pass','1949-08-27 00:00:00','Female'),
    (316,'Carlye','Mecozzi','0847 Burrows Lane','2009-11-16 00:00:00','Female'),
    (317,'Jaclyn','Innott','3 Union Terrace','1962-11-07 00:00:00','Female'),
    (318,'Quill','Nestor','82 Westend Drive','1987-02-28 00:00:00','Male'),
    (319,'Alic','Fradgley','905 Roxbury Crossing','1943-07-15 00:00:00','Male'),
    (320,'Andy','Sorby','955 Manufacturers Park','1960-01-04 00:00:00','Female'),
    (321,'Jeffry','Mayling','7 Crescent Oaks Trail','1955-04-16 00:00:00','Male'),
    (322,'Willabella','Calley','94860 Victoria Drive','1952-12-22 00:00:00','Female'),
    (323,'Ardene','Ravilious','01 Ridgeview Terrace','1998-02-09 00:00:00','Female'),
    (324,'Bond','GiacobbiniJacob','46282 Morrow Avenue','1992-05-14 00:00:00','Male'),
    (325,'Gnni','Markova','49 School Junction','2017-11-30 00:00:00','Female'),
    (326,'Lanna','Marcussen','81 Ramsey Drive','1974-03-31 00:00:00','Female'),
    (327,'Caroline','Graveson','73098 Kedzie Hill','2006-08-14 00:00:00','Female'),
    (328,'Erie','Christall','36 Dexter Drive','1948-09-10 00:00:00','Male'),
    (329,'Tory','Bounds','69 Golf View Way','1986-04-19 00:00:00','Female'),
    (330,'Hamlin','Chsteney','29314 Glacier Hill Circle','1930-07-06 00:00:00','Male'),
    (331,'Ulric','Ravilious','169 Tony Road','1957-03-15 00:00:00','Male'),
    (332,'Antony','Cagan','24310 Gulseth Road','2011-09-05 00:00:00','Male'),
    (333,'Marchall','Akers','0774 Walton Way','1984-06-18 00:00:00','Male'),
    (334,'Emeline','Gillan','141 Moland Hill','1956-01-18 00:00:00','Female'),
    (335,'Sawyer','Allred','821 Kingsford Alley','1933-04-02 00:00:00','Male'),
    (336,'Taite','McClaren','13 Bobwhite Lane','2005-12-25 00:00:00','Male'),
    (337,'Alfy','Trotton','8 Moland Crossing','1921-11-03 00:00:00','Male'),
    (338,'Shaw','Molnar','3 Annamark Court','2002-08-06 00:00:00','Male'),
    (339,'Ransell','Goring','245 Mayer Street','1960-02-04 00:00:00','Male'),
    (340,'Allen','Raison','94303 Londonderry Center','1938-02-13 00:00:00','Male'),
    (341,'Cleo','Paylie','00 Montana Point','1952-06-27 00:00:00','Female'),
    (342,'Isaac','Stoller','8802 Roxbury Terrace','2016-07-11 00:00:00','Male'),
    (343,'Georgianna','Blackstock','9 Glacier Hill Plaza','2007-05-08 00:00:00','Female'),
    (344,'Elisabeth','Youle','9 Merry Street','1957-01-22 00:00:00','Female'),
    (345,'Dusty','Letherbury','8043 Harper Circle','1993-05-04 00:00:00','Female'),
    (346,'Kellsie','Phillott','4443 Roxbury Avenue','1948-02-21 00:00:00','Female'),
    (347,'Dotty','Coysh','647 Melby Place','1962-12-02 00:00:00','Female'),
    (348,'Mitchael','MacSorley','8248 Spenser Junction','1963-04-18 00:00:00','Male'),
    (349,'Hadrian','Sorrel','95 Sloan Terrace','1930-07-14 00:00:00','Male'),
    (350,'Ashly','Futcher','725 Declaration Drive','1993-06-23 00:00:00','Female'),
    (351,'Rena','Munroe','64 Ronald Regan Way','1984-11-13 00:00:00','Female'),
    (352,'Olly','Barabisch','57 Bartillon Circle','1923-09-03 00:00:00','Female'),
    (353,'Saleem','Ausher','368 Lunder Center','2009-05-30 00:00:00','Male'),
    (354,'Nevin','Boner','4206 Melrose Place','1940-10-04 00:00:00','Male'),
    (355,'Shena','Trendle','06 Packers Terrace','2018-10-17 00:00:00','Female'),
    (356,'Calvin','Threadgould','86 Fremont Way','2017-06-15 00:00:00','Male'),
    (357,'Rhiamon','Gladdifh','3766 Mccormick Drive','1962-07-12 00:00:00','Female'),
    (358,'Jo ann','Crossgrove','035 Mayfield Crossing','1989-02-11 00:00:00','Female'),
    (359,'Fernanda','Hecks','438 Dawn Lane','2001-08-16 00:00:00','Female'),
    (360,'Sammie','Cowsby','397 Bay Pass','1946-01-02 00:00:00','Male'),
    (361,'Saunder','Yeliashev','7417 Monica Lane','2002-01-18 00:00:00','Male'),
    (362,'Elizabeth','Signoret','3881 8th Pass','1928-07-21 00:00:00','Female'),
    (363,'Chelsae','Pleass','24 Marquette Drive','1964-07-29 00:00:00','Female'),
    (364,'Cindy','Jobbins','258 Pepper Wood Hill','1971-09-27 00:00:00','Female'),
    (365,'Trstram','Hiers','27148 Service Street','1937-05-09 00:00:00','Male'),
    (366,'Morgun','Marzelo','9 Bellgrove Road','1981-07-02 00:00:00','Male'),
    (367,'Allys','Olyet','5760 Cherokee Center','1935-05-21 00:00:00','Female'),
    (368,'Channa','Thomasset','4858 Bluestem Junction','1996-09-15 00:00:00','Female'),
    (369,'Marie-ann','Collinwood','69534 Mifflin Way','1985-03-06 00:00:00','Female'),
    (370,'Abran','Bryer','6122 Fieldstone Place','1964-03-19 00:00:00','Male'),
    (371,'Jemmie','Brinson','7011 Fordem Court','1932-02-23 00:00:00','Female'),
    (372,'Mozelle','Kneal','12 Annamark Parkway','1969-06-12 00:00:00','Female'),
    (373,'Wakefield','Hame','329 Everett Street','2012-09-19 00:00:00','Male'),
    (374,'Shurlock','Tonkin','6 Rieder Center','1984-05-27 00:00:00','Male'),
    (375,'Holt','Pitkins','341 Anzinger Parkway','1987-04-05 00:00:00','Male'),
    (376,'Luise','Shutle','9 Mcguire Park','1993-01-03 00:00:00','Female'),
    (377,'Pascale','Aird','3572 Messerschmidt Road','1993-06-10 00:00:00','Male'),
    (378,'Adey','Wiz','513 Melvin Way','1970-12-23 00:00:00','Female'),
    (379,'Rickey','Schuck','81171 Arrowood Point','2006-01-22 00:00:00','Male'),
    (380,'Cyndie','Neave','633 Sundown Avenue','1950-12-29 00:00:00','Female'),
    (381,'Sibley','Maud','842 Dapin Court','1942-08-26 00:00:00','Female'),
    (382,'Rem','Capel','2 Pleasure Parkway','2015-12-17 00:00:00','Male'),
    (383,'Darn','Andreix','53 Ludington Circle','1963-12-12 00:00:00','Male'),
    (384,'Hayward','Nisby','72790 Toban Way','1924-04-17 00:00:00','Male'),
    (385,'Dame','Jewkes','6690 Algoma Center','1973-01-18 00:00:00','Male'),
    (386,'Garold','Landes','96457 Debra Avenue','1973-09-05 00:00:00','Male'),
    (387,'Beryle','Levison','9160 Mariners Cove Street','1979-03-20 00:00:00','Female'),
    (388,'Babb','O''Daly','3 Dawn Alley','1993-03-31 00:00:00','Female'),
    (389,'Garfield','Ablitt','9713 Randy Hill','1933-01-26 00:00:00','Male'),
    (390,'Gavrielle','Jack','203 Warner Place','1987-04-03 00:00:00','Female'),
    (391,'Neilla','O''Doogan','91 Helena Drive','1989-03-30 00:00:00','Female'),
    (392,'Norrie','Wavish','527 Harper Hill','1987-11-09 00:00:00','Male'),
    (393,'Carolus','Medd','8023 Kim Place','1929-01-17 00:00:00','Male'),
    (394,'Brendin','Fritschmann','6164 Johnson Terrace','1943-12-15 00:00:00','Male'),
    (395,'Raf','Mohan','6 Rockefeller Trail','1961-01-10 00:00:00','Female'),
    (396,'Otis','Gebb','4940 Sullivan Alley','1974-04-09 00:00:00','Male'),
    (397,'Egbert','Bexon','74 Browning Circle','1935-03-10 00:00:00','Male'),
    (398,'Phyllys','Rheubottom','9474 Rutledge Drive','1923-05-21 00:00:00','Female'),
    (399,'Emlynn','Parrett','49 Chive Pass','1943-11-07 00:00:00','Female'),
    (400,'Jarrett','McRavey','06 Delaware Drive','2017-08-09 00:00:00','Male'),
    (401,'Charlton','Epdell','65 Maywood Terrace','1932-02-27 00:00:00','Male'),
    (402,'Ruth','Tummons','72302 Weeping Birch Drive','1959-01-14 00:00:00','Female'),
    (403,'Karlik','Jolland','065 Valley Edge Park','1986-03-18 00:00:00','Male'),
    (404,'Loralyn','Shilstone','535 Kedzie Trail','1989-09-29 00:00:00','Female'),
    (405,'Mannie','Goodman','728 Macpherson Street','1980-01-05 00:00:00','Male'),
    (406,'Dosi','Glasheen','2275 Quincy Point','1978-08-20 00:00:00','Female'),
    (407,'Giacopo','Rounsefell','6 Glacier Hill Pass','1989-10-15 00:00:00','Male'),
    (408,'Coretta','Vickers','33598 Chinook Lane','1925-06-22 00:00:00','Female'),
    (409,'Janis','Anchor','9830 Emmet Court','1955-06-05 00:00:00','Female'),
    (410,'Agustin','Gallaway','627 Drewry Lane','1939-05-13 00:00:00','Male'),
    (411,'Witty','Bilsford','645 Jana Junction','1965-02-25 00:00:00','Male'),
    (412,'Vance','Millins','19989 Manufacturers Trail','1935-12-11 00:00:00','Male'),
    (413,'Nicky','Pettis','3776 Melby Lane','1967-05-01 00:00:00','Male'),
    (414,'Cinda','Hulme','8 Acker Parkway','1971-02-26 00:00:00','Female'),
    (415,'Lissi','Henriques','962 Colorado Plaza','1935-04-28 00:00:00','Female'),
    (416,'Susann','Skillen','6 Village Green Alley','1995-11-15 00:00:00','Female'),
    (417,'Rakel','Caulder','64006 Bartillon Way','1967-11-10 00:00:00','Female'),
    (418,'Demetra','Stammirs','3 Graedel Place','1966-07-06 00:00:00','Female'),
    (419,'Eda','Fielders','205 Pepper Wood Pass','1965-01-05 00:00:00','Female'),
    (420,'Eadith','Ondricek','0336 Melvin Drive','1972-08-11 00:00:00','Female'),
    (421,'Georgeanna','Wisbey','62343 Elgar Court','1968-12-27 00:00:00','Female'),
    (422,'Marge','Liger','213 Ilene Circle','1937-06-05 00:00:00','Female'),
    (423,'Ethelind','Clissett','1832 Nova Avenue','1939-10-05 00:00:00','Female'),
    (424,'Queenie','Twist','6 Bowman Terrace','1936-12-03 00:00:00','Female'),
    (425,'Kirstyn','Doel','5 Schlimgen Court','1944-01-30 00:00:00','Female'),
    (426,'Patrick','Bickerstaff','185 Valley Edge Plaza','1973-06-20 00:00:00','Male'),
    (427,'Kristin','Yarnell','3009 Mccormick Place','1931-06-15 00:00:00','Female'),
    (428,'Bertine','Meni','678 4th Court','1930-01-17 00:00:00','Female'),
    (429,'Fanechka','Filler','64427 Kensington Point','1995-08-04 00:00:00','Female'),
    (430,'Ronnie','Tant','3 Pearson Terrace','1962-04-10 00:00:00','Female'),
    (431,'Englebert','Lowe','412 Kinsman Parkway','1990-07-12 00:00:00','Male'),
    (432,'Wallis','Pedreschi','49689 Little Fleur Street','1932-03-20 00:00:00','Male'),
    (433,'David','Davitashvili','7 Cottonwood Parkway','1937-05-30 00:00:00','Male'),
    (434,'Janeta','Britland','85460 Badeau Avenue','1999-04-05 00:00:00','Female'),
    (435,'Andrew','Stanhope','12574 Nova Alley','2008-05-24 00:00:00','Male'),
    (436,'Freeman','Soars','0442 Waywood Way','1937-11-03 00:00:00','Male'),
    (437,'Lishe','Ure','92348 Hovde Alley','1981-05-05 00:00:00','Female'),
    (438,'Zulema','Wartnaby','79 Mandrake Drive','1983-06-23 00:00:00','Female'),
    (439,'Ximenes','Kubach','783 Green Way','1923-07-01 00:00:00','Male'),
    (440,'Cristi','Skudder','439 New Castle Alley','1928-08-18 00:00:00','Female'),
    (441,'Alicea','Osan','7 Tennessee Crossing','1999-01-25 00:00:00','Female'),
    (442,'Bev','Cleworth','234 Kropf Lane','1930-01-26 00:00:00','Male'),
    (443,'Marven','Sumption','35 Miller Lane','2012-02-09 00:00:00','Male'),
    (444,'Catlee','Ongin','1892 Bartillon Trail','1993-01-03 00:00:00','Female'),
    (445,'Ansel','Troillet','284 Sauthoff Place','1977-01-06 00:00:00','Male'),
    (446,'Latrena','Busen','6947 Mallory Point','1958-05-10 00:00:00','Female'),
    (447,'Filippo','Ewbank','14075 Monterey Way','1948-08-23 00:00:00','Male'),
    (448,'Jobyna','Loveard','24 Linden Alley','2004-07-31 00:00:00','Female'),
    (449,'Read','Aleshintsev','77 Declaration Road','2003-01-06 00:00:00','Male'),
    (450,'Eleonore','Ogborne','3 Basil Pass','1937-09-29 00:00:00','Female'),
    (451,'Olivia','Edens','27602 Crescent Oaks Terrace','1961-05-11 00:00:00','Female'),
    (452,'Domingo','Bain','0 Lerdahl Plaza','2002-03-27 00:00:00','Male'),
    (453,'Ahmad','Winchester','75504 Crescent Oaks Parkway','1965-07-16 00:00:00','Male'),
    (454,'Elyn','Dayne','91850 Heath Parkway','1999-02-24 00:00:00','Female'),
    (455,'Melisandra','Kilvington','95817 Jana Drive','2018-08-16 00:00:00','Female'),
    (456,'Rosabelle','Statham','52324 Kensington Point','2010-06-17 00:00:00','Female'),
    (457,'Worthy','Whittlesey','5819 Truax Road','1994-02-14 00:00:00','Male'),
    (458,'Daffi','Hinnerk','55 Iowa Alley','1925-10-29 00:00:00','Female'),
    (459,'Cristian','Elcoux','25 Mariners Cove Hill','1995-12-14 00:00:00','Male'),
    (460,'Juline','Geipel','10 Alpine Terrace','1923-04-21 00:00:00','Female'),
    (461,'Morgana','Ashment','7691 Farragut Point','1947-05-16 00:00:00','Female'),
    (462,'Elwira','Blaxley','41912 Drewry Junction','1996-06-24 00:00:00','Female'),
    (463,'Dimitry','Ordidge','1 Elgar Road','1971-11-10 00:00:00','Male'),
    (464,'Kimberlee','Gaither','31656 Redwing Alley','1931-12-26 00:00:00','Female'),
    (465,'Agathe','Jadczak','44698 Brickson Park Lane','1996-05-11 00:00:00','Female'),
    (466,'Hilary','Barhims','821 Mesta Way','2001-03-01 00:00:00','Female'),
    (467,'Leonora','Wilkennson','02344 Grover Plaza','2009-08-02 00:00:00','Female'),
    (468,'Emiline','Woodington','1 Lunder Way','1924-11-06 00:00:00','Female'),
    (469,'Yanaton','Spedroni','88 Fair Oaks Circle','1996-08-21 00:00:00','Male'),
    (470,'Jard','Munnery','1148 Colorado Place','1965-02-05 00:00:00','Male'),
    (471,'Jannel','Loddon','32478 Elgar Avenue','1975-03-28 00:00:00','Female'),
    (472,'Hodge','Spilling','0 Brentwood Park','1959-05-17 00:00:00','Male'),
    (473,'Nanette','Dibben','60817 Fallview Pass','1929-01-02 00:00:00','Female'),
    (474,'Chilton','Rowlings','98632 Muir Court','1950-12-31 00:00:00','Male'),
    (475,'Ax','MacAnelley','952 Kedzie Circle','1946-02-07 00:00:00','Male'),
    (476,'Boonie','Cresser','3742 Loftsgordon Avenue','1941-02-07 00:00:00','Male'),
    (477,'Zorine','Brundall','6114 Spenser Circle','1974-04-16 00:00:00','Female'),
    (478,'Granger','Guillart','5384 Emmet Plaza','1964-03-10 00:00:00','Male'),
    (479,'Shel','Richardson','29708 Forster Junction','1952-04-15 00:00:00','Female'),
    (480,'Shane','Station','7 Bay Drive','1954-11-26 00:00:00','Male'),
    (481,'Nobe','Natte','72425 Stephen Drive','1987-05-03 00:00:00','Male'),
    (482,'Ibbie','Edworthie','444 Graedel Avenue','2009-07-17 00:00:00','Female'),
    (483,'Tallulah','Olivera','4 Dakota Court','1988-03-13 00:00:00','Female'),
    (484,'Mateo','Claibourn','4146 Mendota Junction','1987-06-20 00:00:00','Male'),
    (485,'Viola','Hopewell','182 Dixon Hill','1969-05-13 00:00:00','Female'),
    (486,'Danice','Misken','971 Towne Park','1996-01-12 00:00:00','Female'),
    (487,'Melodee','Dreus','93 Ridgeview Way','1924-04-22 00:00:00','Female'),
    (488,'Meade','Pele','4114 Eliot Lane','2014-08-25 00:00:00','Female'),
    (489,'Lannie','Elcoate','227 Havey Plaza','1939-12-04 00:00:00','Male'),
    (490,'Jone','Demange','511 Oak Valley Junction','1971-01-15 00:00:00','Male'),
    (491,'Willey','Easun','318 American Ash Court','1951-01-29 00:00:00','Male'),
    (492,'Codie','Chrisp','767 Prentice Center','1969-12-27 00:00:00','Male'),
    (493,'Joycelin','Biggerdike','563 Westport Lane','1947-01-27 00:00:00','Female'),
    (494,'Warden','Hullett','1590 Roxbury Junction','1930-05-19 00:00:00','Male'),
    (495,'Bearnard','Snepp','94 Bay Point','1934-10-24 00:00:00','Male'),
    (496,'Otes','Caller','319 South Way','1932-09-26 00:00:00','Male'),
    (497,'Dewey','Geggus','424 Goodland Drive','2007-08-19 00:00:00','Male'),
    (498,'Milty','Bosma','576 Harbort Park','1988-07-10 00:00:00','Male'),
    (499,'Isabella','Ivers','84 Jay Hill','2004-10-20 00:00:00','Female'),
    (500,'Meaghan','Blight','3 Sachs Alley','1989-02-09 00:00:00','Female');
    
    INSERT INTO consultants VALUES
    (1,'Homer',192),
    (2,'Letti',156),
    (3,'Lamar',174),
    (4,'Karyn',177),
    (5,'Giffard',195),
    (6,'Ettore',156),
    (7,'Langsdon',164),
    (8,'Vivienne',167),
    (9,'Wyatt',183),
    (10,'Kent',180),
    (11,'Lammond',154),
    (12,'Shalom',190),
    (13,'Katine',192),
    (14,'Vitia',164),
    (15,'Hali',160),
    (16,'Bea',154),
    (17,'Jimmy',194),
    (18,'Arty',190),
    (19,'Giffer',177),
    (20,'Prudi',156),
    (21,'Miltie',185),
    (22,'Marylin',179),
    (23,'Wren',170),
    (24,'Guthrey',181);


    INSERT INTO nurses VALUES
    ('Eliès',1,9,'Sturmey'),
    ('Nadège',2,2,'Weiss'),
    ('Daphnée',3,22,'Dermott'),
    ('Kallisté',4,18,'Mehew'),
    ('Marlène',5,16,'Cluderay'),
    ('Marie-thérèse',6,9,'De Biaggi'),
    ('Adélaïde',7,11,'Gogin'),
    ('Lorène',8,2,'Everal'),
    ('Athéna',9,7,'Brouwer'),
    ('Néhémie',10,18,'Newlands'),
    ('Erwéi',11,6,'Cayford'),
    ('Gisèle',12,1,'Pennicott'),
    ('Michèle',13,22,'Serjeantson'),
    ('Léandre',14,15,'Hellin'),
    ('Ráo',15,1,'Dovermann'),
    ('Régine',16,23,'Gorton'),
    ('Vénus',17,6,'Crowdace'),
    ('Anaïs',18,15,'Hounsom'),
    ('Mélissandre',19,2,'Playhill'),
    ('Mélys',20,4,'Thirlwell'),
    ('Eléonore',21,14,'Trathen'),
    ('Maëlys',22,9,'Aikman'),
    ('Clémence',23,6,'Jewis'),
    ('Eloïse',24,1,'Maber'),
    ('Céline',25,13,'Ranken'),
    ('Garçon',26,18,'Beneix'),
    ('Marylène',27,16,'Lowmass'),
    ('Kévina',28,12,'Satterthwaite'),
    ('Eloïse',29,11,'Sleite'),
    ('Séréna',30,6,'Truett'),
    ('Léonore',31,13,'Dineen'),
    ('Miléna',32,21,'Ruslinge'),
    ('Tú',33,21,'Faulkener'),
    ('Mà',34,4,'McCallam'),
    ('Maï',35,1,'Como'),
    ('Thérèse',36,1,'Shawel'),
    ('Clélia',37,5,'Southwood'),
    ('Géraldine',38,14,'Davies'),
    ('Lucrèce',39,16,'Vacher'),
    ('Stévina',40,7,'Zannutti'),
    ('Mélia',41,15,'Ireson'),
    ('Åslög',42,15,'Rowantree'),
    ('Esbjörn',43,5,'Saywood'),
    ('Ophélie',44,16,'Spencock'),
    ('Josée',45,19,'Peacham'),
    ('Wá',46,16,'Brunn'),
    ('Inès',47,7,'Dakin'),
    ('Håkan',48,10,'Leggs'),
    ('Yáo',49,22,'Beardwell'),
    ('Yóu',50,16,'Josifovic'),
    ('Ruì',51,10,'Ryrie'),
    ('Anaé',52,15,'Mollene'),
    ('Gwenaëlle',53,3,'Gurnett'),
    ('Ráo',54,10,'Baudet'),
    ('Daphnée',55,16,'Keener'),
    ('Annotés',56,6,'Quinnette'),
    ('Sélène',57,18,'Blanko'),
    ('Pénélope',58,8,'MacCahee'),
    ('Yú',59,22,'MacGarrity'),
    ('Maëline',60,2,'Newcomb'),
    ('Ophélie',61,18,'Pammenter'),
    ('Anaëlle',62,6,'Dacke'),
    ('Aurélie',63,22,'Liversidge'),
    ('Véronique',64,7,'Heyburn'),
    ('Irène',65,18,'Lovick'),
    ('Dafnée',66,6,'Von Salzberg'),
    ('Stévina',67,22,'Brecknell'),
    ('Hélène',68,24,'Lias'),
    ('Pénélope',69,9,'Milton-White'),
    ('Yóu',70,7,'Villaret'),
    ('Yè',71,16,'Noblet'),
    ('Médiamass',72,14,'Rottery'),
    ('Lài',73,17,'Hoyte'),
    ('Ráo',74,4,'Rubinfajn'),
    ('Annotée',75,11,'Mines'),
    ('Léana',76,17,'McKue'),
    ('Méthode',77,17,'Engley'),
    ('Frédérique',78,2,'Pallis'),
    ('Åke',79,10,'Mieville'),
    ('Mélinda',80,2,'Mc Meekin'),
    ('Méline',81,4,'Pierpoint'),
    ('Michèle',82,10,'Blagden'),
    ('Mélina',83,8,'Clemencon'),
    ('Gaïa',84,6,'Salvatore'),
    ('Maëlle',85,17,'Foyster'),
    ('Lorène',86,14,'McMenamie'),
    ('Mårten',87,21,'Balazs'),
    ('Céline',88,6,'Schimpke'),
    ('Illustrée',89,13,'Shone'),
    ('Eléonore',90,2,'Scase'),
    ('Pélagie',91,16,'Goodenough'),
    ('Léonore',92,23,'Sabatier'),
    ('Gaétane',93,22,'Gareisr'),
    ('Ráo',94,22,'Antony'),
    ('Åsa',95,9,'McDonand'),
    ('Thérèsa',96,14,'Berzin');

   INSERT INTO medicine VALUES
    ('parcetamol',50),
    ('morphine ',10),
    ('nurephen ',60),
    ('calpol',30),
    ('super drug',100);
    

   INSERT INTO stay VALUES
    (1,'1994-04-27 00:00:00','2003-07-21 00:00:00',39,'injury',8,1,1,'morphine '),
    (2,'1980-09-28 00:00:00','1963-06-23 00:00:00',217,'lung cancer',6,2,2,'morphine '),
    (3,'1982-05-05 00:00:00','1975-12-20 00:00:00',152,'injury',7,3,3,'morphine '),
    (4,'2011-04-24 00:00:00','1992-08-25 00:00:00',314,'HIV',5,4,4,'super drug'),
    (5,'2017-04-24 00:00:00','1987-12-18 00:00:00',207,'flu',3,5,5,'super drug'),
    (6,'2012-05-07 00:00:00','2010-05-13 00:00:00',437,'lung cancer',2,6,6,'parcetamol'),
    (7,'1954-06-26 00:00:00','2006-03-21 00:00:00',341,'cancer',4,7,7,'parcetamol'),
    (8,'2003-07-09 00:00:00','2000-10-11 00:00:00',15,'HIV',6,8,8,'morphine '),
    (9,'1997-08-30 00:00:00','1967-11-09 00:00:00',63,'cold',8,9,9,'super drug'),
    (10,'1965-07-11 00:00:00','2005-05-30 00:00:00',499,'cold',1,10,10,'calpol'),
    (11,'1983-03-06 00:00:00','2008-08-25 00:00:00',469,'cold',6,11,11,'calpol'),
    (12,'1959-09-16 00:00:00','2013-01-01 00:00:00',5,'flu',2,12,12,'nurephen '),
    (13,'2011-12-01 00:00:00','2009-04-13 00:00:00',168,'cancer',5,13,13,'nurephen '),
    (14,'1977-02-23 00:00:00','1965-09-23 00:00:00',421,'HIV',8,14,14,'parcetamol'),
    (15,'2008-02-19 00:00:00','1983-06-03 00:00:00',2,'cancer',4,15,15,'calpol'),
    (16,'2015-02-11 00:00:00','1988-08-02 00:00:00',313,'HIV',2,16,16,'morphine '),
    (17,'1981-12-28 00:00:00','1995-02-17 00:00:00',403,'HIV',7,17,17,'calpol'),
    (18,'2009-03-11 00:00:00','1982-10-15 00:00:00',66,'injury',2,18,18,'nurephen '),
    (19,'2008-07-06 00:00:00','1973-12-23 00:00:00',269,'brake ',8,19,19,'parcetamol'),
    (20,'2017-03-29 00:00:00','1991-08-29 00:00:00',186,'flu',5,20,20,'parcetamol'),
    (21,'2000-10-13 00:00:00','2008-02-22 00:00:00',454,'injury',2,21,21,'morphine '),
    (22,'2001-10-03 00:00:00','1976-10-15 00:00:00',416,'cancer',1,22,22,'super drug'),
    (23,'1960-10-01 00:00:00','1984-08-11 00:00:00',304,'cancer',7,23,23,'parcetamol'),
    (24,'1972-08-29 00:00:00','1984-07-11 00:00:00',499,'cold',1,24,24,'calpol'),
    (25,'2000-12-24 00:00:00','1995-11-04 00:00:00',388,'cancer',6,1,1,'morphine '),
    (26,'2009-07-20 00:00:00','1971-12-15 00:00:00',430,'injury',8,2,2,'calpol'),
    (27,'1980-12-04 00:00:00','2006-06-19 00:00:00',212,'lung cancer',6,3,3,'nurephen '),
    (28,'1952-03-04 00:00:00','2010-10-31 00:00:00',99,'injury',6,4,4,'super drug'),
    (29,'2016-04-06 00:00:00','1966-03-15 00:00:00',357,'brake ',6,5,5,'morphine '),
    (30,'1989-11-16 00:00:00','1965-06-20 00:00:00',276,'brake ',8,6,6,'calpol'),
    (31,'1979-03-13 00:00:00','1985-12-23 00:00:00',137,'injury',1,7,7,'nurephen '),
    (32,'2018-07-23 00:00:00','1984-03-20 00:00:00',17,'flu',7,8,8,'morphine '),
    (33,'1988-12-04 00:00:00','2007-12-02 00:00:00',103,'HIV',1,9,9,'super drug'),
    (34,'1972-11-07 00:00:00','2006-12-28 00:00:00',408,'cold',4,10,10,'calpol'),
    (35,'1980-11-29 00:00:00','1991-08-31 00:00:00',93,'brake ',2,11,11,'nurephen '),
    (36,'1960-02-18 00:00:00','2003-05-04 00:00:00',256,'injury',5,12,12,'morphine '),
    (37,'1964-07-24 00:00:00','1968-04-15 00:00:00',302,'injury',6,13,13,'super drug'),
    (38,'1985-04-28 00:00:00','1995-06-02 00:00:00',3,'cold',1,14,14,'parcetamol'),
    (39,'1995-11-21 00:00:00','2013-06-04 00:00:00',301,'cold',7,15,15,'super drug'),
    (40,'2012-06-02 00:00:00','1973-04-20 00:00:00',395,'flu',3,16,16,'parcetamol'),
    (41,'1997-08-29 00:00:00','2017-09-12 00:00:00',364,'flu',2,17,17,'super drug'),
    (42,'1955-12-15 00:00:00','1981-07-04 00:00:00',76,'HIV',5,18,18,'super drug'),
    (43,'1959-03-03 00:00:00','2006-07-12 00:00:00',189,'cold',6,19,19,'morphine '),
    (44,'1998-05-12 00:00:00','1964-03-09 00:00:00',193,'cold',7,20,20,'super drug'),
    (45,'1988-09-06 00:00:00','1982-03-16 00:00:00',259,'cancer',7,21,21,'calpol'),
    (46,'2000-04-06 00:00:00','2018-01-02 00:00:00',435,'cold',8,22,22,'parcetamol'),
    (47,'1998-06-27 00:00:00','1989-10-28 00:00:00',123,'HIV',4,23,23,'nurephen '),
    (48,'1975-05-04 00:00:00','2010-07-11 00:00:00',423,'HIV',4,24,24,'nurephen '),
    (49,'1957-01-26 00:00:00','2010-02-04 00:00:00',114,'brake ',6,1,1,'calpol'),
    (50,'1982-08-23 00:00:00','1988-10-24 00:00:00',211,'brake ',7,2,2,'nurephen '),
    (51,'1955-05-27 00:00:00','1982-11-18 00:00:00',420,'cancer',5,3,3,'morphine '),
    (52,'1991-03-22 00:00:00','1993-08-10 00:00:00',240,'cold',3,4,4,'parcetamol'),
    (53,'1971-04-16 00:00:00','2018-06-25 00:00:00',57,'injury',2,5,5,'morphine '),
    (54,'2015-04-05 00:00:00','1972-09-16 00:00:00',260,'cold',3,6,6,'calpol'),
    (55,'1977-06-25 00:00:00','2008-11-08 00:00:00',8,'cold',7,7,7,'super drug'),
    (56,'1962-11-05 00:00:00','1966-07-11 00:00:00',187,'injury',1,8,8,'calpol'),
    (57,'1953-11-27 00:00:00','1986-03-25 00:00:00',296,'cold',3,9,9,'nurephen '),
    (58,'2008-02-02 00:00:00','2015-11-24 00:00:00',414,'lung cancer',1,10,10,'parcetamol'),
    (59,'1995-10-16 00:00:00','1994-11-15 00:00:00',69,'cold',3,11,11,'super drug'),
    (60,'1978-04-21 00:00:00','2002-07-05 00:00:00',189,'brake ',8,12,12,'nurephen '),
    (61,'1961-01-04 00:00:00','1983-04-27 00:00:00',292,'lung cancer',1,13,13,'super drug'),
    (62,'1988-04-13 00:00:00','1969-05-17 00:00:00',376,'injury',8,14,14,'super drug'),
    (63,'1962-03-25 00:00:00','1993-02-11 00:00:00',279,'cold',8,15,15,'calpol'),
    (64,'2015-11-24 00:00:00','1972-11-24 00:00:00',405,'lung cancer',5,16,16,'nurephen '),
    (65,'1989-03-08 00:00:00','1994-12-25 00:00:00',231,'flu',8,17,17,'morphine '),
    (66,'2013-11-21 00:00:00','2006-01-14 00:00:00',264,'cancer',6,18,18,'parcetamol'),
    (67,'1989-03-05 00:00:00','1986-12-04 00:00:00',384,'brake ',5,19,19,'parcetamol'),
    (68,'1965-06-02 00:00:00','1964-12-28 00:00:00',58,'lung cancer',4,20,20,'morphine '),
    (69,'2000-03-01 00:00:00','2004-05-21 00:00:00',33,'cancer',8,21,21,'super drug'),
    (70,'1989-12-06 00:00:00','1973-04-28 00:00:00',172,'cold',6,22,22,'parcetamol'),
    (71,'1989-08-30 00:00:00','2013-11-27 00:00:00',280,'cancer',4,23,23,'morphine '),
    (72,'2009-07-21 00:00:00','2016-03-13 00:00:00',180,'cold',7,24,24,'super drug'),
    (73,'2013-09-14 00:00:00','1975-09-15 00:00:00',324,'cancer',5,1,1,'nurephen '),
    (74,'1966-03-05 00:00:00','1986-09-17 00:00:00',173,'injury',1,2,2,'morphine '),
    (75,'1979-01-04 00:00:00','1988-04-22 00:00:00',332,'flu',4,3,3,'parcetamol'),
    (76,'2014-11-05 00:00:00','1979-01-15 00:00:00',427,'lung cancer',7,4,4,'nurephen '),
    (77,'2010-09-19 00:00:00','1982-12-28 00:00:00',16,'lung cancer',4,5,5,'calpol'),
    (78,'1961-05-14 00:00:00','1982-08-15 00:00:00',342,'cancer',3,6,6,'super drug'),
    (79,'1991-04-17 00:00:00','1982-08-26 00:00:00',60,'flu',5,7,7,'morphine '),
    (80,'1987-02-16 00:00:00','1982-08-22 00:00:00',121,'HIV',6,8,8,'morphine '),
    (81,'1964-11-10 00:00:00','1971-07-03 00:00:00',18,'lung cancer',7,9,9,'nurephen '),
    (82,'1961-09-04 00:00:00','2014-09-18 00:00:00',120,'HIV',7,10,10,'morphine '),
    (83,'1972-02-01 00:00:00','2000-08-17 00:00:00',322,'HIV',1,11,11,'parcetamol'),
    (84,'1962-01-19 00:00:00','1979-01-02 00:00:00',183,'flu',7,12,12,'super drug'),
    (85,'1978-02-04 00:00:00','1979-09-14 00:00:00',359,'brake ',8,13,13,'morphine '),
    (86,'2001-12-18 00:00:00','2006-07-28 00:00:00',150,'HIV',6,14,14,'nurephen '),
    (87,'2012-10-19 00:00:00','1975-06-19 00:00:00',315,'lung cancer',4,15,15,'nurephen '),
    (88,'1955-08-09 00:00:00','1966-12-14 00:00:00',108,'lung cancer',7,16,16,'morphine '),
    (89,'1953-10-17 00:00:00','2003-06-08 00:00:00',488,'brake ',1,17,17,'super drug'),
    (90,'1998-01-31 00:00:00','1978-04-07 00:00:00',403,'cold',6,18,18,'parcetamol'),
    (91,'1965-05-15 00:00:00','2003-05-08 00:00:00',456,'cold',8,19,19,'morphine '),
    (92,'2017-01-14 00:00:00','2012-01-30 00:00:00',362,'flu',1,20,20,'nurephen '),
    (93,'1974-12-04 00:00:00','1992-05-13 00:00:00',453,'cancer',3,21,21,'nurephen '),
    (94,'2008-03-02 00:00:00','1990-05-26 00:00:00',326,'brake ',5,22,22,'nurephen '),
    (95,'1991-04-25 00:00:00','1989-08-28 00:00:00',368,'cancer',2,23,23,'nurephen '),
    (96,'1962-07-30 00:00:00','1995-12-21 00:00:00',275,'lung cancer',6,24,24,'morphine '),
    (97,'1992-08-29 00:00:00','2015-11-07 00:00:00',327,'cold',5,1,1,'parcetamol'),
    (98,'2005-12-11 00:00:00','1995-04-08 00:00:00',203,'flu',5,2,2,'parcetamol'),
    (99,'2001-06-02 00:00:00','2016-12-27 00:00:00',139,'HIV',5,3,3,'calpol'),
    (100,'1964-07-21 00:00:00','1994-11-21 00:00:00',439,'HIV',8,4,4,'calpol'),
    (101,'2005-12-11 00:00:00','2001-01-05 00:00:00',242,'cancer',1,5,5,'super drug'),
    (102,'1952-01-11 00:00:00','1973-05-15 00:00:00',108,'lung cancer',2,6,6,'parcetamol'),
    (103,'1965-02-16 00:00:00','2002-09-20 00:00:00',500,'lung cancer',1,7,7,'nurephen '),
    (104,'1958-01-20 00:00:00','2004-03-07 00:00:00',97,'cold',5,8,8,'parcetamol'),
    (105,'1998-12-06 00:00:00','1961-01-09 00:00:00',352,'HIV',8,9,9,'calpol'),
    (106,'2011-11-30 00:00:00','2008-06-19 00:00:00',203,'cancer',8,10,10,'calpol'),
    (107,'1981-06-08 00:00:00','2011-03-10 00:00:00',13,'HIV',7,11,11,'parcetamol'),
    (108,'1965-09-25 00:00:00','1994-09-27 00:00:00',181,'injury',4,12,12,'parcetamol'),
    (109,'1988-04-27 00:00:00','1970-04-23 00:00:00',28,'flu',4,13,13,'nurephen '),
    (110,'1951-01-26 00:00:00','1995-07-20 00:00:00',270,'HIV',6,14,14,'calpol'),
    (111,'1962-12-16 00:00:00','2000-06-17 00:00:00',64,'HIV',6,15,15,'calpol'),
    (112,'1954-08-04 00:00:00','2014-08-31 00:00:00',192,'HIV',8,16,16,'nurephen '),
    (113,'1972-01-11 00:00:00','1984-11-17 00:00:00',437,'lung cancer',4,17,17,'calpol'),
    (114,'2001-12-27 00:00:00','1987-03-10 00:00:00',178,'lung cancer',6,18,18,'morphine '),
    (115,'1961-05-14 00:00:00','2004-06-20 00:00:00',108,'flu',6,19,19,'super drug'),
    (116,'2008-07-03 00:00:00','2008-07-23 00:00:00',337,'cold',4,20,20,'parcetamol'),
    (117,'2016-04-28 00:00:00','2006-08-23 00:00:00',466,'lung cancer',7,21,21,'nurephen '),
    (118,'2000-09-10 00:00:00','1963-09-12 00:00:00',232,'injury',7,22,22,'nurephen '),
    (119,'2012-02-12 00:00:00','2009-01-11 00:00:00',466,'injury',4,23,23,'nurephen '),
    (120,'2004-05-27 00:00:00','1983-03-01 00:00:00',417,'HIV',2,24,24,'nurephen '),
    (121,'1989-08-11 00:00:00','2000-01-31 00:00:00',47,'brake ',1,1,1,'calpol'),
    (122,'1999-10-04 00:00:00','1964-03-20 00:00:00',215,'flu',8,2,2,'nurephen '),
    (123,'2011-08-04 00:00:00','2008-06-22 00:00:00',218,'cancer',6,3,3,'super drug'),
    (124,'2011-11-22 00:00:00','1980-10-04 00:00:00',153,'lung cancer',3,4,4,'super drug'),
    (125,'1980-06-05 00:00:00','1986-03-04 00:00:00',283,'lung cancer',2,5,5,'calpol'),
    (126,'2016-03-22 00:00:00','2007-04-04 00:00:00',153,'brake ',8,6,6,'calpol'),
    (127,'1988-05-04 00:00:00','1962-05-31 00:00:00',145,'cold',6,7,7,'parcetamol'),
    (128,'1952-12-22 00:00:00','1980-11-19 00:00:00',65,'lung cancer',6,8,8,'parcetamol'),
    (129,'1976-08-11 00:00:00','1987-07-15 00:00:00',131,'injury',6,9,9,'morphine '),
    (130,'2011-05-13 00:00:00','1968-08-07 00:00:00',348,'cold',7,10,10,'nurephen '),
    (131,'2000-12-30 00:00:00','1979-10-08 00:00:00',237,'injury',4,11,11,'calpol'),
    (132,'2010-03-26 00:00:00','2016-05-14 00:00:00',227,'brake ',8,12,12,'morphine '),
    (133,'1968-11-29 00:00:00','2011-12-09 00:00:00',90,'brake ',8,13,13,'super drug'),
    (134,'1980-01-11 00:00:00','1967-09-02 00:00:00',122,'flu',7,14,14,'calpol'),
    (135,'1976-04-12 00:00:00','1990-12-14 00:00:00',362,'HIV',8,15,15,'parcetamol'),
    (136,'1990-06-10 00:00:00','2002-09-11 00:00:00',63,'lung cancer',5,16,16,'super drug'),
    (137,'2003-03-20 00:00:00','1976-02-10 00:00:00',6,'brake ',1,17,17,'morphine '),
    (138,'1950-12-26 00:00:00','1996-01-19 00:00:00',411,'cold',2,18,18,'morphine '),
    (139,'2000-04-11 00:00:00','1982-03-17 00:00:00',459,'lung cancer',6,19,19,'morphine '),
    (140,'1977-08-10 00:00:00','1961-05-12 00:00:00',6,'cancer',3,20,20,'calpol'),
    (141,'2017-07-18 00:00:00','1968-09-19 00:00:00',61,'cold',6,21,21,'super drug'),
    (142,'1977-06-15 00:00:00','1995-06-13 00:00:00',316,'brake ',5,22,22,'calpol'),
    (143,'1992-03-30 00:00:00','1995-09-09 00:00:00',205,'injury',1,23,23,'parcetamol'),
    (144,'2007-09-27 00:00:00','2005-01-07 00:00:00',55,'injury',8,24,24,'parcetamol'),
    (145,'2003-08-02 00:00:00','2016-01-25 00:00:00',172,'HIV',1,1,1,'morphine '),
    (146,'1994-04-27 00:00:00','1979-10-24 00:00:00',20,'cold',6,2,2,'nurephen '),
    (147,'2001-05-09 00:00:00','1964-01-22 00:00:00',18,'cancer',8,3,3,'super drug'),
    (148,'2014-05-11 00:00:00','1965-03-05 00:00:00',404,'cancer',7,4,4,'nurephen '),
    (149,'1994-03-29 00:00:00','1992-09-28 00:00:00',149,'flu',6,5,5,'morphine '),
    (150,'1979-10-16 00:00:00','1969-07-17 00:00:00',49,'HIV',3,6,6,'parcetamol'),
    (151,'1985-03-10 00:00:00','1964-06-27 00:00:00',257,'HIV',1,7,7,'morphine '),
    (152,'1971-07-26 00:00:00','1992-07-11 00:00:00',159,'brake ',7,8,8,'super drug'),
    (153,'2003-06-11 00:00:00','1967-05-16 00:00:00',354,'injury',5,9,9,'morphine '),
    (154,'2002-11-26 00:00:00','1978-01-14 00:00:00',252,'HIV',5,10,10,'parcetamol'),
    (155,'2015-02-16 00:00:00','1973-07-16 00:00:00',84,'brake ',1,11,11,'morphine '),
    (156,'2004-08-25 00:00:00','2017-09-30 00:00:00',409,'cancer',2,12,12,'parcetamol'),
    (157,'1970-12-28 00:00:00','1974-06-05 00:00:00',16,'lung cancer',8,13,13,'morphine '),
    (158,'2014-04-09 00:00:00','1963-08-26 00:00:00',331,'lung cancer',6,14,14,'nurephen '),
    (159,'1980-07-27 00:00:00','1994-02-27 00:00:00',183,'cancer',3,15,15,'super drug'),
    (160,'2004-07-24 00:00:00','1990-03-11 00:00:00',224,'flu',2,16,16,'super drug'),
    (161,'2007-09-26 00:00:00','2007-03-18 00:00:00',58,'cold',3,17,17,'calpol'),
    (162,'1990-09-15 00:00:00','1973-05-07 00:00:00',47,'cold',8,18,18,'morphine '),
    (163,'1992-05-16 00:00:00','2010-11-16 00:00:00',418,'HIV',8,19,19,'morphine '),
    (164,'2013-12-07 00:00:00','1989-06-07 00:00:00',256,'flu',4,20,20,'calpol'),
    (165,'2016-03-27 00:00:00','1987-06-13 00:00:00',97,'HIV',7,21,21,'super drug'),
    (166,'1954-01-07 00:00:00','1968-09-04 00:00:00',230,'brake ',6,22,22,'nurephen '),
    (167,'1996-03-31 00:00:00','1963-05-16 00:00:00',158,'flu',3,23,23,'morphine '),
    (168,'1997-02-19 00:00:00','2006-12-06 00:00:00',493,'cold',8,24,24,'nurephen '),
    (169,'1986-09-05 00:00:00','2008-07-30 00:00:00',232,'cold',2,1,1,'parcetamol'),
    (170,'2018-05-10 00:00:00','1967-09-01 00:00:00',165,'HIV',6,2,2,'morphine '),
    (171,'1987-06-23 00:00:00','2017-04-08 00:00:00',86,'injury',8,3,3,'nurephen '),
    (172,'1968-07-30 00:00:00','1973-03-17 00:00:00',331,'cold',1,4,4,'parcetamol'),
    (173,'1963-10-03 00:00:00','1996-12-26 00:00:00',333,'flu',1,5,5,'morphine '),
    (174,'2000-09-01 00:00:00','1970-08-08 00:00:00',134,'flu',7,6,6,'nurephen '),
    (175,'1963-06-11 00:00:00','1985-04-01 00:00:00',135,'lung cancer',6,7,7,'morphine '),
    (176,'2015-08-04 00:00:00','2017-07-25 00:00:00',321,'cold',4,8,8,'super drug'),
    (177,'1986-07-14 00:00:00','1963-02-01 00:00:00',56,'injury',2,9,9,'nurephen '),
    (178,'1951-04-09 00:00:00','1977-10-31 00:00:00',90,'flu',6,10,10,'parcetamol'),
    (179,'2010-05-23 00:00:00','1976-03-14 00:00:00',253,'lung cancer',8,11,11,'morphine '),
    (180,'2018-11-21 00:00:00','1968-03-06 00:00:00',81,'cold',8,12,12,'super drug'),
    (181,'2003-09-20 00:00:00','1982-07-03 00:00:00',146,'cancer',8,13,13,'super drug'),
    (182,'1995-11-07 00:00:00','2009-06-20 00:00:00',55,'injury',7,14,14,'parcetamol'),
    (183,'1953-05-10 00:00:00','1974-02-21 00:00:00',333,'flu',8,15,15,'calpol'),
    (184,'1998-04-18 00:00:00','1985-08-15 00:00:00',109,'lung cancer',3,16,16,'morphine '),
    (185,'1997-05-18 00:00:00','1990-08-13 00:00:00',37,'cold',3,17,17,'nurephen '),
    (186,'1957-08-26 00:00:00','1993-04-27 00:00:00',93,'cancer',1,18,18,'parcetamol'),
    (187,'1994-03-08 00:00:00','1972-01-06 00:00:00',343,'brake ',3,19,19,'calpol'),
    (188,'1965-04-26 00:00:00','2014-08-12 00:00:00',284,'brake ',5,20,20,'nurephen '),
    (189,'1970-12-25 00:00:00','1992-04-03 00:00:00',375,'flu',3,21,21,'nurephen '),
    (190,'1971-02-10 00:00:00','2011-03-07 00:00:00',259,'injury',8,22,22,'calpol'),
    (191,'1970-09-16 00:00:00','1966-01-28 00:00:00',107,'injury',6,23,23,'parcetamol'),
    (192,'1974-05-10 00:00:00','1991-09-04 00:00:00',178,'HIV',7,24,24,'super drug'),
    (193,'2015-08-25 00:00:00','2002-12-28 00:00:00',39,'flu',7,1,1,'super drug'),
    (194,'1973-08-23 00:00:00','2016-03-21 00:00:00',246,'HIV',6,2,2,'super drug'),
    (195,'1993-11-15 00:00:00','1962-03-26 00:00:00',475,'HIV',6,3,3,'super drug'),
    (196,'1953-01-16 00:00:00','1995-11-21 00:00:00',31,'flu',1,4,4,'parcetamol'),
    (197,'1972-08-08 00:00:00','1972-05-15 00:00:00',9,'injury',1,5,5,'nurephen '),
    (198,'1980-02-07 00:00:00','1978-04-19 00:00:00',182,'brake ',6,6,6,'super drug'),
    (199,'1955-09-27 00:00:00','2008-04-11 00:00:00',329,'lung cancer',5,7,7,'nurephen '),
    (200,'1967-06-09 00:00:00','2008-09-01 00:00:00',58,'flu',1,8,8,'nurephen '),
    (201,'1972-09-27 00:00:00','1987-12-31 00:00:00',137,'HIV',7,9,9,'parcetamol'),
    (202,'1951-07-18 00:00:00','2011-07-31 00:00:00',347,'brake ',5,10,10,'calpol'),
    (203,'1989-01-30 00:00:00','2011-01-08 00:00:00',422,'cold',6,11,11,'calpol'),
    (204,'2010-10-19 00:00:00','1972-09-16 00:00:00',335,'cold',3,12,12,'calpol'),
    (205,'2013-09-09 00:00:00','1962-10-24 00:00:00',180,'lung cancer',3,13,13,'morphine '),
    (206,'1988-08-14 00:00:00','2009-10-20 00:00:00',233,'cold',2,14,14,'calpol'),
    (207,'1963-07-02 00:00:00','2017-01-13 00:00:00',481,'brake ',6,15,15,'nurephen '),
    (208,'1961-06-12 00:00:00','2012-10-27 00:00:00',214,'cold',1,16,16,'super drug'),
    (209,'2004-05-02 00:00:00','2012-10-22 00:00:00',297,'HIV',5,17,17,'calpol'),
    (210,'2010-09-21 00:00:00','2012-01-26 00:00:00',243,'injury',5,18,18,'morphine '),
    (211,'1985-07-20 00:00:00','2003-03-19 00:00:00',179,'cancer',1,19,19,'parcetamol'),
    (212,'1996-05-07 00:00:00','1995-12-29 00:00:00',101,'cold',7,20,20,'nurephen '),
    (213,'2015-12-25 00:00:00','2000-12-22 00:00:00',382,'brake ',3,21,21,'parcetamol'),
    (214,'1991-01-02 00:00:00','2003-08-23 00:00:00',490,'brake ',2,22,22,'calpol'),
    (215,'1975-09-15 00:00:00','1997-07-26 00:00:00',177,'HIV',7,23,23,'morphine '),
    (216,'1953-11-13 00:00:00','1961-01-01 00:00:00',417,'cold',3,24,24,'super drug'),
    (217,'2007-04-22 00:00:00','1988-08-05 00:00:00',74,'injury',5,1,1,'morphine '),
    (218,'1965-09-12 00:00:00','2000-02-24 00:00:00',367,'cancer',5,2,2,'nurephen '),
    (219,'1987-12-28 00:00:00','1989-04-21 00:00:00',99,'flu',1,3,3,'parcetamol'),
    (220,'1978-06-06 00:00:00','1998-03-30 00:00:00',344,'flu',1,4,4,'nurephen '),
    (221,'2008-05-11 00:00:00','1969-09-14 00:00:00',302,'cold',2,5,5,'parcetamol'),
    (222,'2011-05-25 00:00:00','1983-04-18 00:00:00',339,'HIV',8,6,6,'super drug'),
    (223,'1956-06-25 00:00:00','1992-09-23 00:00:00',352,'HIV',5,7,7,'parcetamol'),
    (224,'1952-08-04 00:00:00','1979-05-18 00:00:00',269,'flu',5,8,8,'parcetamol'),
    (225,'1989-02-03 00:00:00','2006-04-07 00:00:00',101,'injury',2,9,9,'morphine '),
    (226,'1967-07-22 00:00:00','1973-10-20 00:00:00',214,'flu',4,10,10,'calpol'),
    (227,'1982-07-23 00:00:00','1985-09-24 00:00:00',407,'cancer',5,11,11,'parcetamol'),
    (228,'2000-03-11 00:00:00','2008-03-07 00:00:00',21,'cancer',1,12,12,'morphine '),
    (229,'1999-05-03 00:00:00','1979-02-18 00:00:00',496,'lung cancer',6,13,13,'parcetamol'),
    (230,'2004-09-08 00:00:00','1972-05-19 00:00:00',342,'brake ',2,14,14,'morphine '),
    (231,'1952-05-25 00:00:00','1978-09-07 00:00:00',230,'injury',3,15,15,'parcetamol'),
    (232,'2010-05-11 00:00:00','2017-09-28 00:00:00',469,'cold',7,16,16,'nurephen '),
    (233,'1953-04-29 00:00:00','1972-11-10 00:00:00',279,'cancer',4,17,17,'calpol'),
    (234,'1968-04-03 00:00:00','1982-08-15 00:00:00',342,'brake ',1,18,18,'nurephen '),
    (235,'1960-02-29 00:00:00','2005-10-27 00:00:00',190,'lung cancer',7,19,19,'morphine '),
    (236,'1989-03-27 00:00:00','1968-03-20 00:00:00',40,'cancer',1,20,20,'super drug'),
    (237,'2017-04-13 00:00:00','2008-11-24 00:00:00',19,'brake ',5,21,21,'parcetamol'),
    (238,'1984-06-09 00:00:00','2008-01-12 00:00:00',152,'HIV',2,22,22,'parcetamol'),
    (239,'1971-06-09 00:00:00','1979-04-09 00:00:00',120,'cold',2,23,23,'super drug'),
    (240,'1958-02-28 00:00:00','1978-05-04 00:00:00',354,'cold',1,24,24,'super drug'),
    (241,'1971-11-07 00:00:00','1979-03-17 00:00:00',485,'lung cancer',1,1,1,'nurephen '),
    (242,'2007-09-23 00:00:00','1979-04-12 00:00:00',408,'cancer',7,2,2,'morphine '),
    (243,'1982-11-28 00:00:00','1977-11-10 00:00:00',314,'injury',4,3,3,'morphine '),
    (244,'1977-06-18 00:00:00','1990-07-26 00:00:00',267,'cold',3,4,4,'calpol'),
    (245,'1981-02-22 00:00:00','1967-12-14 00:00:00',464,'cold',5,5,5,'parcetamol'),
    (246,'2018-09-09 00:00:00','1970-10-01 00:00:00',35,'HIV',7,6,6,'nurephen '),
    (247,'1952-11-26 00:00:00','1986-04-25 00:00:00',397,'HIV',5,7,7,'super drug'),
    (248,'1975-12-07 00:00:00','1973-05-17 00:00:00',96,'lung cancer',5,8,8,'morphine '),
    (249,'1994-10-27 00:00:00','1979-06-24 00:00:00',251,'HIV',2,9,9,'calpol'),
    (250,'1966-05-31 00:00:00','1981-02-20 00:00:00',102,'brake ',8,10,10,'morphine ');
INSERT INTO stay VALUES
    (251,'1951-06-03 00:00:00','1962-08-22 00:00:00',87,'HIV',1,11,11,'calpol'),
    (252,'2000-03-09 00:00:00','2016-05-18 00:00:00',158,'lung cancer',1,12,12,'parcetamol'),
    (253,'2015-09-08 00:00:00','1994-05-01 00:00:00',15,'cold',8,13,13,'morphine '),
    (254,'1991-12-25 00:00:00','1992-01-24 00:00:00',13,'cold',5,14,14,'parcetamol'),
    (255,'1995-08-19 00:00:00','1981-08-27 00:00:00',203,'brake ',7,15,15,'parcetamol'),
    (256,'2007-05-06 00:00:00','1980-04-02 00:00:00',386,'flu',4,16,16,'nurephen '),
    (257,'2011-02-22 00:00:00','1971-03-20 00:00:00',324,'brake ',3,17,17,'morphine '),
    (258,'1972-09-15 00:00:00','1984-04-30 00:00:00',323,'lung cancer',3,18,18,'parcetamol'),
    (259,'1993-10-03 00:00:00','1982-12-21 00:00:00',50,'flu',1,19,19,'morphine '),
    (260,'2014-07-08 00:00:00','1991-01-11 00:00:00',352,'HIV',5,20,20,'calpol'),
    (261,'2018-07-03 00:00:00','1963-04-03 00:00:00',263,'HIV',1,21,21,'morphine '),
    (262,'1998-02-05 00:00:00','1997-08-23 00:00:00',40,'cancer',2,22,22,'nurephen '),
    (263,'1978-09-06 00:00:00','2003-01-03 00:00:00',128,'brake ',5,23,23,'calpol'),
    (264,'2016-01-31 00:00:00','2007-11-16 00:00:00',68,'brake ',6,24,24,'calpol'),
    (265,'2004-11-09 00:00:00','2002-09-21 00:00:00',480,'lung cancer',7,1,1,'calpol'),
    (266,'2007-05-01 00:00:00','2009-01-09 00:00:00',116,'injury',1,2,2,'parcetamol'),
    (267,'1954-12-21 00:00:00','1963-11-29 00:00:00',348,'flu',4,3,3,'nurephen '),
    (268,'1976-03-09 00:00:00','1976-04-14 00:00:00',124,'cancer',2,4,4,'nurephen '),
    (269,'1961-11-28 00:00:00','1962-09-17 00:00:00',212,'cancer',1,5,5,'parcetamol'),
    (270,'2015-07-26 00:00:00','1985-03-18 00:00:00',218,'HIV',4,6,6,'morphine '),
    (271,'1954-05-30 00:00:00','2001-09-26 00:00:00',456,'flu',7,7,7,'parcetamol'),
    (272,'2003-11-24 00:00:00','2017-01-02 00:00:00',435,'lung cancer',2,8,8,'parcetamol'),
    (273,'1982-04-09 00:00:00','2016-01-19 00:00:00',402,'cold',8,9,9,'morphine '),
    (274,'1999-03-15 00:00:00','1983-05-14 00:00:00',335,'cancer',6,10,10,'morphine '),
    (275,'1956-08-05 00:00:00','1986-08-11 00:00:00',60,'injury',4,11,11,'parcetamol'),
    (276,'2015-06-24 00:00:00','2000-10-07 00:00:00',467,'lung cancer',6,12,12,'morphine '),
    (277,'1983-11-05 00:00:00','2011-11-20 00:00:00',445,'flu',5,13,13,'super drug'),
    (278,'1997-01-05 00:00:00','1976-01-21 00:00:00',432,'injury',7,14,14,'morphine '),
    (279,'1963-02-28 00:00:00','2006-10-18 00:00:00',381,'brake ',7,15,15,'nurephen '),
    (280,'1983-01-10 00:00:00','2010-08-10 00:00:00',425,'cold',3,16,16,'super drug'),
    (281,'1993-05-13 00:00:00','1990-07-22 00:00:00',31,'HIV',5,17,17,'super drug'),
    (282,'1973-07-07 00:00:00','1991-01-30 00:00:00',166,'brake ',4,18,18,'calpol'),
    (283,'1974-02-19 00:00:00','1993-11-25 00:00:00',490,'injury',8,19,19,'nurephen '),
    (284,'2001-03-23 00:00:00','2002-06-12 00:00:00',404,'flu',3,20,20,'morphine '),
    (285,'2014-10-05 00:00:00','2018-12-18 00:00:00',151,'flu',2,21,21,'parcetamol'),
    (286,'1994-11-11 00:00:00','1983-08-17 00:00:00',40,'HIV',4,22,22,'nurephen '),
    (287,'1969-04-26 00:00:00','1979-10-02 00:00:00',315,'lung cancer',8,23,23,'super drug'),
    (288,'1990-11-12 00:00:00','1995-05-04 00:00:00',258,'HIV',4,24,24,'morphine '),
    (289,'1998-03-14 00:00:00','2008-09-30 00:00:00',225,'cold',3,1,1,'calpol'),
    (290,'1970-09-14 00:00:00','1980-02-11 00:00:00',259,'cancer',4,2,2,'super drug'),
    (291,'1982-10-13 00:00:00','1981-07-24 00:00:00',59,'lung cancer',4,3,3,'calpol'),
    (292,'1954-09-30 00:00:00','1972-06-26 00:00:00',453,'HIV',1,4,4,'calpol'),
    (293,'1992-11-15 00:00:00','1978-08-11 00:00:00',134,'brake ',2,5,5,'nurephen '),
    (294,'2007-08-12 00:00:00','1995-05-05 00:00:00',239,'injury',4,6,6,'calpol'),
    (295,'2004-12-21 00:00:00','1995-07-04 00:00:00',101,'injury',7,7,7,'super drug'),
    (296,'1987-10-06 00:00:00','2009-06-07 00:00:00',27,'cold',2,8,8,'morphine '),
    (297,'1998-05-16 00:00:00','2017-04-13 00:00:00',373,'cancer',3,9,9,'parcetamol'),
    (298,'1963-09-04 00:00:00','2000-05-14 00:00:00',431,'HIV',7,10,10,'parcetamol'),
    (299,'2010-08-10 00:00:00','1996-05-20 00:00:00',63,'injury',1,11,11,'super drug'),
    (300,'2010-08-04 00:00:00','1983-07-03 00:00:00',426,'HIV',4,12,12,'super drug'),
    (301,'1973-07-10 00:00:00','1999-08-13 00:00:00',308,'cold',1,13,13,'nurephen '),
    (302,'1999-03-08 00:00:00','1962-09-30 00:00:00',455,'HIV',3,14,14,'nurephen '),
    (303,'2002-10-17 00:00:00','1963-07-11 00:00:00',457,'HIV',6,15,15,'super drug'),
    (304,'1958-05-25 00:00:00','1998-04-15 00:00:00',363,'cancer',6,16,16,'parcetamol'),
    (305,'2017-03-23 00:00:00','1994-11-12 00:00:00',463,'cancer',4,17,17,'morphine '),
    (306,'1962-12-18 00:00:00','1997-05-05 00:00:00',443,'lung cancer',4,18,18,'nurephen '),
    (307,'1977-12-19 00:00:00','1981-12-29 00:00:00',37,'cold',4,19,19,'nurephen '),
    (308,'1963-05-03 00:00:00','1987-03-26 00:00:00',78,'HIV',1,20,20,'nurephen '),
    (309,'1992-10-04 00:00:00','1966-04-17 00:00:00',314,'cold',3,21,21,'parcetamol'),
    (310,'2016-12-15 00:00:00','1983-04-12 00:00:00',254,'flu',7,22,22,'morphine '),
    (311,'1965-01-15 00:00:00','1963-04-30 00:00:00',488,'lung cancer',8,23,23,'parcetamol'),
    (312,'1971-02-19 00:00:00','2009-07-05 00:00:00',484,'injury',1,24,24,'calpol'),
    (313,'1954-02-08 00:00:00','1979-08-10 00:00:00',46,'HIV',7,1,1,'calpol'),
    (314,'1978-06-19 00:00:00','1983-12-07 00:00:00',407,'cold',7,2,2,'calpol'),
    (315,'1968-02-10 00:00:00','1987-04-13 00:00:00',373,'flu',2,3,3,'super drug'),
    (316,'2001-11-03 00:00:00','1977-05-07 00:00:00',88,'brake ',4,4,4,'parcetamol'),
    (317,'1964-03-08 00:00:00','1971-05-02 00:00:00',440,'cancer',8,5,5,'super drug'),
    (318,'2017-10-19 00:00:00','1999-02-27 00:00:00',195,'cold',7,6,6,'parcetamol'),
    (319,'1996-10-26 00:00:00','1991-11-04 00:00:00',386,'injury',4,7,7,'morphine '),
    (320,'1959-01-30 00:00:00','2011-12-18 00:00:00',498,'cancer',2,8,8,'parcetamol'),
    (321,'1984-10-23 00:00:00','1987-07-01 00:00:00',472,'injury',2,9,9,'parcetamol'),
    (322,'1953-02-20 00:00:00','2002-07-08 00:00:00',285,'injury',2,10,10,'super drug'),
    (323,'1961-06-28 00:00:00','2001-07-22 00:00:00',438,'cancer',2,11,11,'parcetamol'),
    (324,'1996-02-25 00:00:00','1985-08-22 00:00:00',336,'cold',3,12,12,'nurephen '),
    (325,'1989-01-10 00:00:00','1999-02-08 00:00:00',324,'injury',5,13,13,'parcetamol'),
    (326,'2005-09-18 00:00:00','1979-04-22 00:00:00',81,'brake ',6,14,14,'super drug'),
    (327,'2015-05-09 00:00:00','1963-05-17 00:00:00',169,'injury',7,15,15,'nurephen '),
    (328,'1951-05-16 00:00:00','2016-10-13 00:00:00',175,'flu',6,16,16,'calpol'),
    (329,'2003-03-15 00:00:00','1968-11-03 00:00:00',166,'cold',3,17,17,'nurephen '),
    (330,'1963-01-28 00:00:00','2015-12-19 00:00:00',275,'HIV',1,18,18,'parcetamol'),
    (331,'1956-01-10 00:00:00','1992-02-03 00:00:00',408,'flu',2,19,19,'calpol'),
    (332,'1996-07-14 00:00:00','2001-09-09 00:00:00',132,'flu',6,20,20,'super drug'),
    (333,'1955-11-30 00:00:00','2003-08-19 00:00:00',106,'flu',5,21,21,'calpol'),
    (334,'1976-08-29 00:00:00','1989-11-07 00:00:00',474,'cold',2,22,22,'super drug'),
    (335,'1952-12-07 00:00:00','1981-01-25 00:00:00',301,'lung cancer',1,23,23,'morphine '),
    (336,'1996-12-14 00:00:00','1989-12-17 00:00:00',180,'brake ',2,24,24,'super drug'),
    (337,'2010-11-25 00:00:00','2007-03-01 00:00:00',339,'cold',6,1,1,'nurephen '),
    (338,'1982-11-03 00:00:00','2017-10-13 00:00:00',317,'flu',3,2,2,'morphine '),
    (339,'1980-06-30 00:00:00','2011-05-14 00:00:00',363,'HIV',7,3,3,'nurephen '),
    (340,'2017-07-14 00:00:00','1967-02-11 00:00:00',45,'HIV',5,4,4,'super drug'),
    (341,'2004-08-13 00:00:00','1975-10-25 00:00:00',411,'lung cancer',3,5,5,'morphine '),
    (342,'1988-09-09 00:00:00','1970-07-25 00:00:00',188,'cancer',5,6,6,'parcetamol'),
    (343,'2009-02-11 00:00:00','1987-01-01 00:00:00',306,'cancer',5,7,7,'super drug'),
    (344,'1953-10-07 00:00:00','2013-12-14 00:00:00',288,'cold',4,8,8,'morphine '),
    (345,'1963-03-22 00:00:00','1997-04-01 00:00:00',89,'brake ',2,9,9,'calpol'),
    (346,'1978-11-28 00:00:00','2011-02-07 00:00:00',311,'injury',4,10,10,'morphine '),
    (347,'1974-05-26 00:00:00','1985-03-06 00:00:00',165,'cancer',2,11,11,'calpol'),
    (348,'1965-02-01 00:00:00','2012-01-24 00:00:00',158,'lung cancer',4,12,12,'super drug'),
    (349,'1999-11-06 00:00:00','1980-03-16 00:00:00',232,'cancer',2,13,13,'nurephen '),
    (350,'1971-11-23 00:00:00','1993-08-23 00:00:00',438,'cancer',1,14,14,'nurephen '),
    (351,'1972-07-31 00:00:00','1985-10-06 00:00:00',146,'lung cancer',5,15,15,'calpol'),
    (352,'1980-08-20 00:00:00','1964-12-17 00:00:00',3,'lung cancer',3,16,16,'calpol'),
    (353,'1976-10-22 00:00:00','1980-02-26 00:00:00',75,'cancer',8,17,17,'calpol'),
    (354,'1954-03-03 00:00:00','1987-03-10 00:00:00',163,'injury',3,18,18,'parcetamol'),
    (355,'1997-01-05 00:00:00','2008-03-06 00:00:00',111,'cancer',3,19,19,'morphine '),
    (356,'1989-09-03 00:00:00','1997-05-01 00:00:00',390,'cold',4,20,20,'parcetamol'),
    (357,'1995-09-11 00:00:00','1982-12-22 00:00:00',196,'HIV',6,21,21,'calpol'),
    (358,'1954-12-29 00:00:00','2001-05-06 00:00:00',315,'cold',6,22,22,'super drug'),
    (359,'2012-05-07 00:00:00','2014-05-23 00:00:00',384,'injury',4,23,23,'parcetamol'),
    (360,'2014-08-19 00:00:00','1996-05-18 00:00:00',103,'brake ',1,24,24,'morphine '),
    (361,'1991-03-23 00:00:00','2014-12-16 00:00:00',112,'cancer',8,1,1,'parcetamol'),
    (362,'1987-07-02 00:00:00','1984-11-11 00:00:00',232,'flu',4,2,2,'calpol'),
    (363,'1954-07-31 00:00:00','1991-08-04 00:00:00',14,'lung cancer',1,3,3,'parcetamol'),
    (364,'1980-11-17 00:00:00','1993-09-06 00:00:00',217,'cancer',8,4,4,'morphine '),
    (365,'1994-07-04 00:00:00','1982-01-22 00:00:00',63,'lung cancer',5,5,5,'nurephen '),
    (366,'1973-06-15 00:00:00','1970-02-28 00:00:00',10,'HIV',8,6,6,'calpol'),
    (367,'2003-05-29 00:00:00','2011-01-26 00:00:00',217,'brake ',8,7,7,'morphine '),
    (368,'1984-06-27 00:00:00','1973-09-03 00:00:00',65,'cold',1,8,8,'super drug'),
    (369,'1999-03-15 00:00:00','1984-03-05 00:00:00',320,'flu',2,9,9,'parcetamol'),
    (370,'1955-09-26 00:00:00','1971-09-07 00:00:00',417,'flu',8,10,10,'nurephen '),
    (371,'1954-08-15 00:00:00','1989-05-04 00:00:00',73,'flu',1,11,11,'calpol'),
    (372,'2013-11-20 00:00:00','1996-05-18 00:00:00',119,'brake ',1,12,12,'morphine '),
    (373,'2008-09-25 00:00:00','1961-02-19 00:00:00',109,'brake ',8,13,13,'morphine '),
    (374,'1962-08-30 00:00:00','1993-02-16 00:00:00',37,'cold',3,14,14,'parcetamol'),
    (375,'1976-03-15 00:00:00','2005-03-22 00:00:00',290,'injury',4,15,15,'nurephen '),
    (376,'1951-05-09 00:00:00','1983-12-24 00:00:00',261,'cancer',1,16,16,'parcetamol'),
    (377,'2014-07-19 00:00:00','2006-04-07 00:00:00',150,'cancer',3,17,17,'nurephen '),
    (378,'1970-12-18 00:00:00','1988-06-20 00:00:00',283,'flu',4,18,18,'morphine '),
    (379,'1969-01-16 00:00:00','2012-08-31 00:00:00',7,'flu',2,19,19,'parcetamol'),
    (380,'1978-08-19 00:00:00','1998-05-24 00:00:00',129,'brake ',7,20,20,'morphine '),
    (381,'1994-12-15 00:00:00','2014-10-08 00:00:00',143,'lung cancer',2,21,21,'parcetamol'),
    (382,'2011-06-03 00:00:00','1998-11-24 00:00:00',15,'cancer',4,22,22,'super drug'),
    (383,'1977-06-10 00:00:00','1989-12-06 00:00:00',44,'cancer',3,23,23,'nurephen '),
    (384,'2000-06-24 00:00:00','1986-08-05 00:00:00',500,'injury',1,24,24,'nurephen '),
    (385,'1967-10-08 00:00:00','2008-03-14 00:00:00',253,'flu',4,1,1,'nurephen '),
    (386,'1989-09-15 00:00:00','1965-09-08 00:00:00',371,'brake ',8,2,2,'super drug'),
    (387,'1996-11-26 00:00:00','1984-08-14 00:00:00',41,'injury',7,3,3,'calpol'),
    (388,'1957-02-12 00:00:00','1962-09-22 00:00:00',108,'cancer',3,4,4,'parcetamol'),
    (389,'1970-03-12 00:00:00','2003-06-14 00:00:00',173,'cold',3,5,5,'nurephen '),
    (390,'1974-10-09 00:00:00','1995-12-08 00:00:00',400,'injury',6,6,6,'super drug'),
    (391,'1992-03-07 00:00:00','2007-11-28 00:00:00',140,'flu',1,7,7,'super drug'),
    (392,'2002-02-12 00:00:00','2011-08-06 00:00:00',100,'flu',4,8,8,'parcetamol'),
    (393,'1962-12-26 00:00:00','2002-06-03 00:00:00',141,'flu',7,9,9,'parcetamol'),
    (394,'1961-03-12 00:00:00','1980-11-09 00:00:00',297,'HIV',3,10,10,'nurephen '),
    (395,'1960-11-07 00:00:00','1963-08-31 00:00:00',284,'flu',5,11,11,'parcetamol'),
    (396,'1992-08-22 00:00:00','1975-11-04 00:00:00',361,'cold',6,12,12,'super drug'),
    (397,'1975-09-01 00:00:00','1981-11-12 00:00:00',439,'HIV',6,13,13,'calpol'),
    (398,'2016-07-14 00:00:00','1982-11-10 00:00:00',364,'HIV',4,14,14,'morphine '),
    (399,'2010-07-17 00:00:00','2000-11-25 00:00:00',302,'lung cancer',8,15,15,'super drug'),
    (400,'1974-06-11 00:00:00','1981-05-18 00:00:00',63,'cancer',6,16,16,'parcetamol'),
    (401,'1981-05-08 00:00:00','1963-09-17 00:00:00',379,'lung cancer',8,17,17,'morphine '),
    (402,'1981-12-18 00:00:00','2005-12-07 00:00:00',348,'HIV',2,18,18,'parcetamol'),
    (403,'1968-04-15 00:00:00','2008-10-08 00:00:00',257,'injury',3,19,19,'calpol'),
    (404,'2018-04-15 00:00:00','2018-10-02 00:00:00',337,'cold',6,20,20,'super drug'),
    (405,'1954-01-24 00:00:00','1996-09-04 00:00:00',31,'cancer',8,21,21,'morphine '),
    (406,'2008-04-21 00:00:00','1980-06-12 00:00:00',239,'cold',8,22,22,'morphine '),
    (407,'1972-10-29 00:00:00','1965-08-07 00:00:00',153,'cancer',7,23,23,'calpol'),
    (408,'1973-10-28 00:00:00','2005-09-22 00:00:00',263,'flu',5,24,24,'calpol'),
    (409,'1982-05-01 00:00:00','2006-07-24 00:00:00',135,'cold',3,1,1,'nurephen '),
    (410,'1959-05-17 00:00:00','2000-02-10 00:00:00',46,'lung cancer',7,2,2,'super drug'),
    (411,'1968-11-11 00:00:00','1975-09-16 00:00:00',425,'cancer',7,3,3,'nurephen '),
    (412,'1969-06-01 00:00:00','2013-10-02 00:00:00',80,'flu',5,4,4,'morphine '),
    (413,'1983-11-26 00:00:00','1972-10-04 00:00:00',186,'HIV',8,5,5,'parcetamol'),
    (414,'1988-04-26 00:00:00','2018-04-18 00:00:00',77,'brake ',4,6,6,'calpol'),
    (415,'1979-06-05 00:00:00','1962-05-16 00:00:00',187,'HIV',5,7,7,'super drug'),
    (416,'2014-08-19 00:00:00','2016-01-10 00:00:00',253,'injury',4,8,8,'calpol'),
    (417,'1971-11-13 00:00:00','2009-01-03 00:00:00',136,'cold',3,9,9,'parcetamol'),
    (418,'1952-09-02 00:00:00','1981-05-01 00:00:00',280,'HIV',4,10,10,'super drug'),
    (419,'1993-09-17 00:00:00','1970-01-13 00:00:00',290,'flu',8,11,11,'calpol'),
    (420,'1963-12-21 00:00:00','2009-11-02 00:00:00',484,'flu',4,12,12,'calpol'),
    (421,'1969-02-02 00:00:00','2013-11-23 00:00:00',230,'injury',7,13,13,'nurephen '),
    (422,'1968-05-11 00:00:00','1963-05-23 00:00:00',235,'lung cancer',2,14,14,'morphine '),
    (423,'2002-08-19 00:00:00','1997-12-15 00:00:00',288,'lung cancer',2,15,15,'nurephen '),
    (424,'1958-04-08 00:00:00','1970-02-16 00:00:00',209,'HIV',3,16,16,'nurephen '),
    (425,'2016-01-30 00:00:00','1999-11-03 00:00:00',286,'injury',4,17,17,'parcetamol'),
    (426,'1989-02-01 00:00:00','2016-04-08 00:00:00',228,'cold',5,18,18,'calpol'),
    (427,'2009-12-20 00:00:00','1988-09-28 00:00:00',155,'lung cancer',8,19,19,'morphine '),
    (428,'2001-09-17 00:00:00','1977-08-02 00:00:00',248,'cancer',4,20,20,'morphine '),
    (429,'2003-04-22 00:00:00','1996-03-19 00:00:00',355,'flu',3,21,21,'parcetamol'),
    (430,'1999-03-24 00:00:00','1962-04-03 00:00:00',275,'brake ',3,22,22,'nurephen '),
    (431,'2018-08-14 00:00:00','1993-12-08 00:00:00',148,'lung cancer',4,23,23,'parcetamol'),
    (432,'1977-11-26 00:00:00','1992-04-17 00:00:00',94,'lung cancer',2,24,24,'parcetamol'),
    (433,'1966-09-19 00:00:00','1982-12-18 00:00:00',484,'cold',4,1,1,'morphine '),
    (434,'2012-09-25 00:00:00','1991-12-27 00:00:00',126,'lung cancer',8,2,2,'morphine '),
    (435,'1953-01-07 00:00:00','1964-03-11 00:00:00',428,'HIV',5,3,3,'parcetamol'),
    (436,'2016-02-01 00:00:00','1970-10-12 00:00:00',443,'flu',6,4,4,'parcetamol'),
    (437,'1979-02-25 00:00:00','1997-10-19 00:00:00',309,'cancer',3,5,5,'calpol'),
    (438,'1993-08-12 00:00:00','2000-06-16 00:00:00',476,'lung cancer',4,6,6,'parcetamol'),
    (439,'2017-02-07 00:00:00','1986-05-17 00:00:00',50,'injury',1,7,7,'parcetamol'),
    (440,'2014-08-23 00:00:00','2011-11-19 00:00:00',276,'HIV',5,8,8,'calpol'),
    (441,'1964-06-14 00:00:00','2016-02-23 00:00:00',115,'lung cancer',7,9,9,'nurephen '),
    (442,'1994-09-16 00:00:00','1987-11-18 00:00:00',18,'injury',8,10,10,'calpol'),
    (443,'1989-03-13 00:00:00','1997-10-10 00:00:00',56,'HIV',6,11,11,'calpol'),
    (444,'1950-12-23 00:00:00','1972-03-11 00:00:00',349,'flu',2,12,12,'super drug'),
    (445,'1958-01-18 00:00:00','1978-07-22 00:00:00',481,'HIV',4,13,13,'parcetamol'),
    (446,'1981-08-08 00:00:00','2013-04-18 00:00:00',7,'cold',3,14,14,'morphine '),
    (447,'2003-09-02 00:00:00','2002-09-25 00:00:00',102,'injury',2,15,15,'parcetamol'),
    (448,'1961-07-29 00:00:00','1994-01-26 00:00:00',106,'flu',4,16,16,'super drug'),
    (449,'1962-06-20 00:00:00','1996-03-28 00:00:00',394,'injury',8,17,17,'calpol'),
    (450,'1991-01-21 00:00:00','1976-04-10 00:00:00',195,'brake ',5,18,18,'parcetamol'),
    (451,'1994-09-27 00:00:00','2008-05-05 00:00:00',299,'lung cancer',5,19,19,'nurephen '),
    (452,'1979-03-25 00:00:00','1985-09-05 00:00:00',395,'HIV',7,20,20,'super drug'),
    (453,'1997-12-07 00:00:00','2005-01-10 00:00:00',497,'lung cancer',3,21,21,'super drug'),
    (454,'2001-08-10 00:00:00','1999-02-27 00:00:00',234,'lung cancer',4,22,22,'super drug'),
    (455,'1975-10-20 00:00:00','2017-10-23 00:00:00',295,'HIV',7,23,23,'morphine '),
    (456,'1953-05-07 00:00:00','1996-03-24 00:00:00',138,'lung cancer',1,24,24,'nurephen '),
    (457,'1984-04-01 00:00:00','1998-06-25 00:00:00',480,'brake ',8,1,1,'morphine '),
    (458,'1955-03-22 00:00:00','1983-07-14 00:00:00',241,'brake ',4,2,2,'parcetamol'),
    (459,'1975-08-12 00:00:00','1995-03-14 00:00:00',160,'cancer',2,3,3,'calpol'),
    (460,'1972-07-27 00:00:00','1987-02-13 00:00:00',276,'cancer',3,4,4,'parcetamol'),
    (461,'2003-12-24 00:00:00','1991-09-27 00:00:00',39,'brake ',5,5,5,'parcetamol'),
    (462,'1980-02-13 00:00:00','1961-08-28 00:00:00',251,'lung cancer',2,6,6,'parcetamol'),
    (463,'1986-11-19 00:00:00','2000-03-17 00:00:00',24,'flu',2,7,7,'super drug'),
    (464,'1963-05-11 00:00:00','1973-12-17 00:00:00',382,'injury',1,8,8,'morphine '),
    (465,'2009-03-27 00:00:00','1990-04-05 00:00:00',289,'HIV',4,9,9,'calpol'),
    (466,'1951-05-01 00:00:00','2001-12-23 00:00:00',140,'lung cancer',7,10,10,'nurephen '),
    (467,'2008-05-10 00:00:00','1970-06-08 00:00:00',288,'flu',8,11,11,'super drug'),
    (468,'1959-08-13 00:00:00','1968-12-21 00:00:00',235,'cancer',4,12,12,'super drug'),
    (469,'1981-01-14 00:00:00','2009-06-04 00:00:00',123,'brake ',4,13,13,'nurephen '),
    (470,'2013-03-01 00:00:00','2009-12-21 00:00:00',442,'cancer',1,14,14,'super drug'),
    (471,'1974-05-02 00:00:00','1998-02-27 00:00:00',186,'cold',6,15,15,'calpol'),
    (472,'1986-06-30 00:00:00','1982-10-29 00:00:00',432,'injury',8,16,16,'calpol'),
    (473,'1956-04-04 00:00:00','1978-05-16 00:00:00',384,'lung cancer',7,17,17,'morphine '),
    (474,'1995-01-17 00:00:00','2010-09-19 00:00:00',151,'cancer',2,18,18,'calpol'),
    (475,'1963-02-11 00:00:00','1998-04-20 00:00:00',432,'injury',5,19,19,'nurephen '),
    (476,'1978-12-06 00:00:00','1961-05-06 00:00:00',476,'lung cancer',6,20,20,'nurephen '),
    (477,'1952-08-28 00:00:00','2016-10-12 00:00:00',68,'injury',8,21,21,'nurephen '),
    (478,'2011-07-21 00:00:00','1988-10-14 00:00:00',59,'flu',4,22,22,'calpol'),
    (479,'1972-05-06 00:00:00','1972-03-24 00:00:00',344,'cancer',2,23,23,'morphine '),
    (480,'1993-06-14 00:00:00','1989-01-21 00:00:00',496,'flu',1,24,24,'super drug'),
    (481,'2018-09-10 00:00:00','1986-08-12 00:00:00',164,'brake ',3,1,1,'morphine '),
    (482,'1995-08-26 00:00:00','1973-10-19 00:00:00',421,'HIV',7,2,2,'morphine '),
    (483,'1967-04-17 00:00:00','1963-01-19 00:00:00',238,'HIV',4,3,3,'parcetamol'),
    (484,'1999-09-24 00:00:00','1994-02-20 00:00:00',58,'cold',8,4,4,'morphine '),
    (485,'2003-05-08 00:00:00','1977-12-09 00:00:00',372,'cold',1,5,5,'calpol'),
    (486,'1956-12-18 00:00:00','1981-01-22 00:00:00',401,'brake ',1,6,6,'super drug'),
    (487,'2010-10-11 00:00:00','1973-05-21 00:00:00',80,'brake ',5,7,7,'parcetamol'),
    (488,'1986-02-27 00:00:00','1990-03-23 00:00:00',82,'lung cancer',4,8,8,'parcetamol'),
    (489,'1999-05-05 00:00:00','2008-02-02 00:00:00',121,'lung cancer',8,9,9,'nurephen '),
    (490,'1969-12-23 00:00:00','1970-05-10 00:00:00',397,'lung cancer',2,10,10,'calpol'),
    (491,'1981-12-18 00:00:00','2000-07-05 00:00:00',232,'cold',3,11,11,'nurephen '),
    (492,'1993-03-16 00:00:00','1972-10-10 00:00:00',285,'lung cancer',3,12,12,'parcetamol'),
    (493,'1984-12-19 00:00:00','1982-10-16 00:00:00',240,'HIV',7,13,13,'calpol'),
    (494,'2018-10-12 00:00:00','1988-07-15 00:00:00',483,'cancer',7,14,14,'nurephen '),
    (495,'1988-07-28 00:00:00','1975-07-24 00:00:00',113,'injury',6,15,15,'morphine '),
    (496,'2002-11-07 00:00:00','2013-03-17 00:00:00',180,'injury',6,16,16,'calpol'),
    (497,'2015-12-12 00:00:00','1996-07-13 00:00:00',353,'cold',8,17,17,'morphine '),
    (498,'1962-12-16 00:00:00','2007-07-26 00:00:00',388,'flu',1,18,18,'morphine '),
    (499,'1987-09-12 00:00:00','2003-09-26 00:00:00',327,'cancer',5,19,19,'morphine '),
    (500,'2007-10-16 00:00:00','1974-10-14 00:00:00',1,'HIV',8,20,20,'calpol');
INSERT INTO stay VALUES
    (501,'2005-11-06 00:00:00','1976-05-06 00:00:00',123,'cold',6,21,21,'super drug'),
    (502,'1958-12-03 00:00:00','1993-04-23 00:00:00',370,'HIV',8,22,22,'super drug'),
    (503,'1995-04-22 00:00:00','2011-02-22 00:00:00',464,'HIV',3,23,23,'parcetamol'),
    (504,'1996-05-26 00:00:00','2005-05-26 00:00:00',209,'flu',1,24,24,'calpol'),
    (505,'1984-10-15 00:00:00','1977-06-05 00:00:00',29,'brake ',5,1,1,'morphine '),
    (506,'1974-03-30 00:00:00','2006-12-04 00:00:00',321,'lung cancer',5,2,2,'parcetamol'),
    (507,'1994-07-20 00:00:00','1986-03-07 00:00:00',256,'cancer',6,3,3,'calpol'),
    (508,'1977-04-10 00:00:00','2001-12-04 00:00:00',429,'cancer',5,4,4,'nurephen '),
    (509,'1998-06-24 00:00:00','2012-05-05 00:00:00',471,'injury',5,5,5,'calpol'),
    (510,'1980-12-02 00:00:00','1983-04-18 00:00:00',393,'lung cancer',7,6,6,'super drug'),
    (511,'1957-12-29 00:00:00','1968-11-27 00:00:00',13,'lung cancer',5,7,7,'calpol'),
    (512,'1971-03-15 00:00:00','2017-06-18 00:00:00',163,'flu',4,8,8,'morphine '),
    (513,'1969-06-20 00:00:00','2006-01-16 00:00:00',72,'brake ',7,9,9,'calpol'),
    (514,'1979-08-06 00:00:00','1997-10-01 00:00:00',315,'cold',8,10,10,'calpol'),
    (515,'1977-07-12 00:00:00','2011-03-06 00:00:00',38,'cold',6,11,11,'nurephen '),
    (516,'1972-07-03 00:00:00','1982-05-12 00:00:00',281,'brake ',5,12,12,'morphine '),
    (517,'1994-02-05 00:00:00','1987-06-29 00:00:00',277,'injury',8,13,13,'super drug'),
    (518,'1954-07-27 00:00:00','2001-11-25 00:00:00',282,'flu',8,14,14,'super drug'),
    (519,'1995-03-24 00:00:00','2004-09-18 00:00:00',208,'cancer',4,15,15,'morphine '),
    (520,'2006-09-14 00:00:00','2006-10-23 00:00:00',14,'cold',1,16,16,'nurephen '),
    (521,'1981-06-29 00:00:00','1998-09-21 00:00:00',368,'flu',2,17,17,'calpol'),
    (522,'1966-04-16 00:00:00','1991-07-11 00:00:00',216,'HIV',1,18,18,'nurephen '),
    (523,'2009-09-24 00:00:00','1970-05-17 00:00:00',410,'cancer',3,19,19,'super drug'),
    (524,'1999-01-05 00:00:00','1973-11-26 00:00:00',414,'injury',3,20,20,'morphine '),
    (525,'2009-04-17 00:00:00','2002-03-30 00:00:00',118,'cold',8,21,21,'parcetamol'),
    (526,'1961-04-25 00:00:00','1996-07-24 00:00:00',60,'cold',2,22,22,'super drug'),
    (527,'1980-07-08 00:00:00','2013-11-03 00:00:00',402,'brake ',3,23,23,'super drug'),
    (528,'1972-11-07 00:00:00','1992-06-16 00:00:00',72,'cancer',2,24,24,'calpol'),
    (529,'1984-02-18 00:00:00','1979-02-11 00:00:00',483,'brake ',3,1,1,'parcetamol'),
    (530,'1995-12-20 00:00:00','2018-04-06 00:00:00',277,'lung cancer',4,2,2,'calpol'),
    (531,'1965-04-05 00:00:00','2001-06-01 00:00:00',217,'cancer',1,3,3,'calpol'),
    (532,'1987-02-28 00:00:00','1967-10-26 00:00:00',208,'cold',2,4,4,'parcetamol'),
    (533,'1994-07-15 00:00:00','1974-05-16 00:00:00',133,'HIV',5,5,5,'nurephen '),
    (534,'1973-05-10 00:00:00','2007-03-19 00:00:00',377,'cancer',7,6,6,'calpol'),
    (535,'1987-04-28 00:00:00','1989-09-01 00:00:00',471,'flu',4,7,7,'parcetamol'),
    (536,'1973-12-01 00:00:00','2015-02-18 00:00:00',205,'lung cancer',7,8,8,'calpol'),
    (537,'2016-02-14 00:00:00','1981-02-13 00:00:00',235,'lung cancer',4,9,9,'nurephen '),
    (538,'1976-06-11 00:00:00','1985-04-08 00:00:00',42,'brake ',6,10,10,'super drug'),
    (539,'1988-04-30 00:00:00','1979-04-28 00:00:00',409,'HIV',3,11,11,'morphine '),
    (540,'1951-08-24 00:00:00','2011-03-28 00:00:00',21,'injury',1,12,12,'parcetamol'),
    (541,'1976-05-06 00:00:00','1985-10-13 00:00:00',338,'cold',3,13,13,'nurephen '),
    (542,'2007-06-02 00:00:00','1993-12-05 00:00:00',420,'HIV',6,14,14,'morphine '),
    (543,'1978-09-17 00:00:00','1974-01-01 00:00:00',430,'flu',2,15,15,'morphine '),
    (544,'1970-12-14 00:00:00','1998-07-23 00:00:00',273,'flu',6,16,16,'nurephen '),
    (545,'2004-12-16 00:00:00','1961-02-17 00:00:00',19,'cancer',8,17,17,'calpol'),
    (546,'1989-03-02 00:00:00','1988-06-14 00:00:00',71,'injury',5,18,18,'calpol'),
    (547,'1979-07-31 00:00:00','1971-03-03 00:00:00',278,'HIV',5,19,19,'parcetamol'),
    (548,'1995-06-24 00:00:00','1962-01-04 00:00:00',56,'flu',7,20,20,'calpol'),
    (549,'1987-07-01 00:00:00','1963-01-01 00:00:00',4,'lung cancer',5,21,21,'morphine '),
    (550,'1985-07-09 00:00:00','1965-01-11 00:00:00',249,'flu',5,22,22,'nurephen '),
    (551,'2017-01-21 00:00:00','1983-07-26 00:00:00',403,'cold',8,23,23,'parcetamol'),
    (552,'1958-02-22 00:00:00','2014-02-12 00:00:00',46,'brake ',3,24,24,'morphine '),
    (553,'1981-12-24 00:00:00','1985-09-22 00:00:00',183,'lung cancer',2,1,1,'calpol'),
    (554,'2007-02-18 00:00:00','1963-02-23 00:00:00',345,'HIV',3,2,2,'morphine '),
    (555,'2002-08-09 00:00:00','1992-01-12 00:00:00',165,'HIV',1,3,3,'super drug'),
    (556,'2007-11-16 00:00:00','2014-09-16 00:00:00',133,'injury',2,4,4,'nurephen '),
    (557,'2003-12-26 00:00:00','1974-11-30 00:00:00',470,'brake ',2,5,5,'parcetamol'),
    (558,'2002-02-28 00:00:00','1995-08-16 00:00:00',34,'brake ',1,6,6,'nurephen '),
    (559,'2000-09-13 00:00:00','1996-11-22 00:00:00',50,'cancer',4,7,7,'nurephen '),
    (560,'1986-04-05 00:00:00','2000-08-12 00:00:00',88,'flu',3,8,8,'morphine '),
    (561,'1972-02-21 00:00:00','2018-10-01 00:00:00',429,'cold',3,9,9,'calpol'),
    (562,'2009-03-12 00:00:00','1980-01-07 00:00:00',207,'cold',2,10,10,'super drug'),
    (563,'1989-07-01 00:00:00','1993-05-29 00:00:00',488,'lung cancer',2,11,11,'super drug'),
    (564,'1984-07-01 00:00:00','1969-06-11 00:00:00',9,'HIV',3,12,12,'parcetamol'),
    (565,'1963-12-11 00:00:00','2008-06-13 00:00:00',26,'cancer',4,13,13,'super drug'),
    (566,'1980-04-03 00:00:00','1984-09-18 00:00:00',308,'brake ',5,14,14,'calpol'),
    (567,'2018-03-07 00:00:00','1994-01-07 00:00:00',388,'flu',5,15,15,'parcetamol'),
    (568,'2002-04-08 00:00:00','2002-01-16 00:00:00',469,'lung cancer',1,16,16,'calpol'),
    (569,'2000-01-04 00:00:00','1992-12-02 00:00:00',337,'injury',3,17,17,'calpol'),
    (570,'2001-01-23 00:00:00','1983-02-06 00:00:00',473,'lung cancer',4,18,18,'calpol'),
    (571,'1954-03-15 00:00:00','2009-02-13 00:00:00',271,'injury',5,19,19,'calpol'),
    (572,'2018-03-11 00:00:00','1975-04-06 00:00:00',327,'flu',4,20,20,'super drug'),
    (573,'1961-07-23 00:00:00','1992-12-13 00:00:00',453,'injury',8,21,21,'parcetamol'),
    (574,'1999-09-18 00:00:00','2012-12-11 00:00:00',400,'flu',4,22,22,'super drug'),
    (575,'1980-11-27 00:00:00','1971-02-26 00:00:00',286,'cancer',8,23,23,'calpol'),
    (576,'1980-11-18 00:00:00','1973-11-24 00:00:00',265,'cancer',6,24,24,'parcetamol'),
    (577,'1951-01-19 00:00:00','2004-10-01 00:00:00',23,'HIV',2,1,1,'morphine '),
    (578,'1974-04-07 00:00:00','1980-02-25 00:00:00',293,'HIV',2,2,2,'morphine '),
    (579,'1970-04-01 00:00:00','1975-04-22 00:00:00',397,'brake ',4,3,3,'parcetamol'),
    (580,'1963-11-26 00:00:00','1979-01-15 00:00:00',240,'cancer',8,4,4,'morphine '),
    (581,'1986-10-01 00:00:00','1988-01-01 00:00:00',239,'injury',6,5,5,'parcetamol'),
    (582,'1974-08-03 00:00:00','2013-10-19 00:00:00',200,'lung cancer',3,6,6,'calpol'),
    (583,'2016-08-04 00:00:00','2015-08-11 00:00:00',495,'injury',8,7,7,'super drug'),
    (584,'1972-11-04 00:00:00','1985-03-03 00:00:00',368,'HIV',4,8,8,'parcetamol'),
    (585,'2009-10-30 00:00:00','1966-06-18 00:00:00',98,'brake ',8,9,9,'nurephen '),
    (586,'1981-11-28 00:00:00','1971-09-29 00:00:00',376,'injury',5,10,10,'parcetamol'),
    (587,'1981-11-24 00:00:00','1994-03-11 00:00:00',285,'injury',3,11,11,'parcetamol'),
    (588,'1983-08-21 00:00:00','2018-12-14 00:00:00',473,'lung cancer',2,12,12,'calpol'),
    (589,'2001-01-21 00:00:00','1983-05-30 00:00:00',87,'lung cancer',5,13,13,'super drug'),
    (590,'2007-04-02 00:00:00','1970-11-18 00:00:00',98,'cold',8,14,14,'calpol'),
    (591,'2005-07-26 00:00:00','2014-08-04 00:00:00',455,'cancer',6,15,15,'nurephen '),
    (592,'2012-04-06 00:00:00','1984-11-07 00:00:00',465,'flu',3,16,16,'nurephen '),
    (593,'2012-11-24 00:00:00','1967-02-05 00:00:00',192,'flu',5,17,17,'morphine '),
    (594,'1971-01-31 00:00:00','1977-08-06 00:00:00',304,'HIV',2,18,18,'nurephen '),
    (595,'1980-12-05 00:00:00','2003-02-07 00:00:00',265,'flu',2,19,19,'calpol'),
    (596,'1958-06-24 00:00:00','2000-03-31 00:00:00',293,'lung cancer',1,20,20,'calpol'),
    (597,'1957-10-14 00:00:00','1988-11-07 00:00:00',210,'lung cancer',6,21,21,'super drug'),
    (598,'1956-07-09 00:00:00','1971-07-26 00:00:00',59,'brake ',3,22,22,'nurephen '),
    (599,'1976-05-03 00:00:00','1997-08-31 00:00:00',270,'injury',3,23,23,'parcetamol'),
    (600,'1987-09-29 00:00:00','2004-07-19 00:00:00',487,'lung cancer',1,24,24,'morphine '),
    (601,'2012-09-02 00:00:00','1986-04-23 00:00:00',175,'lung cancer',7,1,1,'parcetamol'),
    (602,'1988-12-06 00:00:00','2008-07-28 00:00:00',479,'brake ',7,2,2,'parcetamol'),
    (603,'2006-06-05 00:00:00','1998-03-22 00:00:00',251,'brake ',1,3,3,'nurephen '),
    (604,'1955-09-13 00:00:00','2006-11-17 00:00:00',27,'brake ',5,4,4,'morphine '),
    (605,'1998-01-12 00:00:00','1996-06-11 00:00:00',327,'lung cancer',8,5,5,'parcetamol'),
    (606,'1972-02-14 00:00:00','1972-10-20 00:00:00',263,'HIV',8,6,6,'parcetamol'),
    (607,'1999-08-25 00:00:00','1988-01-10 00:00:00',136,'lung cancer',3,7,7,'calpol'),
    (608,'1961-07-09 00:00:00','2018-04-21 00:00:00',385,'flu',4,8,8,'parcetamol'),
    (609,'1961-07-20 00:00:00','2000-02-12 00:00:00',15,'brake ',7,9,9,'super drug'),
    (610,'2011-04-26 00:00:00','2005-08-09 00:00:00',479,'HIV',5,10,10,'nurephen '),
    (611,'1997-03-13 00:00:00','2005-10-27 00:00:00',298,'lung cancer',8,11,11,'morphine '),
    (612,'1977-11-21 00:00:00','1969-03-26 00:00:00',480,'HIV',1,12,12,'nurephen '),
    (613,'2008-04-24 00:00:00','2006-01-08 00:00:00',63,'flu',4,13,13,'calpol'),
    (614,'1960-11-11 00:00:00','2015-10-15 00:00:00',196,'injury',8,14,14,'nurephen '),
    (615,'1993-09-08 00:00:00','1966-12-22 00:00:00',152,'injury',4,15,15,'calpol'),
    (616,'2016-05-01 00:00:00','1985-11-29 00:00:00',258,'cold',4,16,16,'calpol'),
    (617,'1972-05-21 00:00:00','2017-07-17 00:00:00',145,'cold',1,17,17,'parcetamol'),
    (618,'1994-02-06 00:00:00','1969-11-08 00:00:00',173,'cold',4,18,18,'morphine '),
    (619,'1957-08-27 00:00:00','2015-04-28 00:00:00',396,'lung cancer',8,19,19,'parcetamol'),
    (620,'1967-02-14 00:00:00','1980-12-31 00:00:00',489,'cancer',1,20,20,'calpol'),
    (621,'1956-04-06 00:00:00','1969-06-13 00:00:00',192,'cold',7,21,21,'super drug'),
    (622,'1970-07-24 00:00:00','1984-03-01 00:00:00',185,'cold',1,22,22,'parcetamol'),
    (623,'1980-06-07 00:00:00','1964-01-18 00:00:00',150,'brake ',1,23,23,'calpol'),
    (624,'1998-09-18 00:00:00','1976-10-11 00:00:00',473,'HIV',2,24,24,'super drug'),
    (625,'2015-07-14 00:00:00','1960-12-27 00:00:00',260,'lung cancer',5,1,1,'morphine '),
    (626,'1981-09-01 00:00:00','1985-10-20 00:00:00',270,'cold',3,2,2,'parcetamol'),
    (627,'2008-10-21 00:00:00','2000-04-03 00:00:00',419,'flu',6,3,3,'parcetamol'),
    (628,'1963-08-14 00:00:00','2016-02-12 00:00:00',130,'brake ',3,4,4,'calpol'),
    (629,'1991-04-10 00:00:00','2015-09-06 00:00:00',371,'injury',3,5,5,'super drug'),
    (630,'1957-04-30 00:00:00','1971-10-03 00:00:00',406,'brake ',4,6,6,'nurephen '),
    (631,'2009-03-02 00:00:00','1980-09-17 00:00:00',164,'flu',4,7,7,'parcetamol'),
    (632,'1995-11-17 00:00:00','2002-08-24 00:00:00',422,'flu',6,8,8,'parcetamol'),
    (633,'2002-03-14 00:00:00','1997-02-26 00:00:00',342,'lung cancer',4,9,9,'calpol'),
    (634,'1951-07-24 00:00:00','1967-03-11 00:00:00',83,'HIV',8,10,10,'parcetamol'),
    (635,'2015-04-15 00:00:00','1994-10-29 00:00:00',353,'injury',6,11,11,'morphine '),
    (636,'1978-03-19 00:00:00','1965-11-22 00:00:00',165,'HIV',6,12,12,'parcetamol'),
    (637,'1974-08-26 00:00:00','1965-07-24 00:00:00',424,'cancer',2,13,13,'super drug'),
    (638,'1990-03-18 00:00:00','1983-06-07 00:00:00',200,'cold',8,14,14,'nurephen '),
    (639,'1976-04-25 00:00:00','2013-02-12 00:00:00',117,'brake ',1,15,15,'nurephen '),
    (640,'1999-06-05 00:00:00','1992-06-22 00:00:00',480,'HIV',6,16,16,'nurephen '),
    (641,'2015-04-21 00:00:00','1988-11-23 00:00:00',264,'HIV',1,17,17,'calpol'),
    (642,'1993-03-04 00:00:00','1995-01-16 00:00:00',489,'lung cancer',3,18,18,'super drug'),
    (643,'2010-07-18 00:00:00','1979-03-04 00:00:00',243,'HIV',7,19,19,'super drug'),
    (644,'1999-11-21 00:00:00','1995-01-22 00:00:00',152,'lung cancer',3,20,20,'parcetamol'),
    (645,'2010-05-01 00:00:00','1982-08-05 00:00:00',250,'flu',5,21,21,'nurephen '),
    (646,'1979-09-08 00:00:00','1995-10-26 00:00:00',304,'HIV',4,22,22,'parcetamol'),
    (647,'1999-05-17 00:00:00','1986-09-15 00:00:00',130,'cold',8,23,23,'nurephen '),
    (648,'1952-07-19 00:00:00','2012-06-26 00:00:00',19,'brake ',5,24,24,'parcetamol'),
    (649,'2004-12-25 00:00:00','1987-05-10 00:00:00',2,'injury',2,1,1,'nurephen '),
    (650,'2002-09-22 00:00:00','1972-06-04 00:00:00',362,'injury',1,2,2,'nurephen '),
    (651,'1968-07-02 00:00:00','2010-02-25 00:00:00',58,'flu',1,3,3,'calpol'),
    (652,'2013-01-05 00:00:00','1966-03-01 00:00:00',183,'flu',7,4,4,'parcetamol'),
    (653,'2014-09-11 00:00:00','2010-01-03 00:00:00',39,'cold',3,5,5,'super drug'),
    (654,'2000-05-13 00:00:00','1974-06-15 00:00:00',245,'lung cancer',7,6,6,'parcetamol'),
    (655,'1952-03-29 00:00:00','1969-03-28 00:00:00',454,'brake ',3,7,7,'morphine '),
    (656,'2004-03-13 00:00:00','1994-02-03 00:00:00',171,'HIV',1,8,8,'parcetamol'),
    (657,'1952-12-31 00:00:00','2013-01-03 00:00:00',220,'brake ',6,9,9,'super drug'),
    (658,'1989-05-22 00:00:00','1982-08-25 00:00:00',475,'HIV',2,10,10,'super drug'),
    (659,'1992-03-13 00:00:00','2014-09-08 00:00:00',260,'flu',5,11,11,'parcetamol'),
    (660,'1978-05-18 00:00:00','2007-11-04 00:00:00',96,'HIV',5,12,12,'super drug'),
    (661,'1958-05-04 00:00:00','2009-08-15 00:00:00',21,'cancer',1,13,13,'super drug'),
    (662,'1969-07-11 00:00:00','2001-12-22 00:00:00',283,'lung cancer',1,14,14,'super drug'),
    (663,'1994-06-05 00:00:00','2006-01-12 00:00:00',99,'brake ',2,15,15,'calpol'),
    (664,'1984-12-24 00:00:00','1999-10-07 00:00:00',274,'cold',6,16,16,'morphine '),
    (665,'1969-04-18 00:00:00','2000-10-29 00:00:00',465,'lung cancer',5,17,17,'morphine '),
    (666,'1952-06-28 00:00:00','2014-03-03 00:00:00',9,'cancer',3,18,18,'super drug'),
    (667,'2016-02-18 00:00:00','1997-10-03 00:00:00',427,'HIV',3,19,19,'morphine '),
    (668,'1953-05-02 00:00:00','1998-03-07 00:00:00',285,'flu',7,20,20,'super drug'),
    (669,'2011-12-09 00:00:00','2018-09-10 00:00:00',422,'cold',8,21,21,'nurephen '),
    (670,'1988-04-15 00:00:00','2007-04-03 00:00:00',373,'lung cancer',8,22,22,'super drug'),
    (671,'1990-05-12 00:00:00','2012-03-22 00:00:00',381,'injury',1,23,23,'super drug'),
    (672,'1990-06-11 00:00:00','1964-02-14 00:00:00',401,'injury',4,24,24,'nurephen '),
    (673,'2006-07-19 00:00:00','1960-12-14 00:00:00',389,'flu',4,1,1,'nurephen '),
    (674,'1998-07-11 00:00:00','2014-07-27 00:00:00',261,'injury',4,2,2,'nurephen '),
    (675,'1964-03-18 00:00:00','1969-01-24 00:00:00',371,'brake ',8,3,3,'super drug'),
    (676,'2010-08-10 00:00:00','2012-02-19 00:00:00',447,'HIV',3,4,4,'parcetamol'),
    (677,'1969-10-21 00:00:00','1996-10-31 00:00:00',121,'flu',8,5,5,'nurephen '),
    (678,'1984-02-11 00:00:00','1990-05-01 00:00:00',393,'cold',8,6,6,'morphine '),
    (679,'1982-08-27 00:00:00','1963-12-08 00:00:00',428,'flu',4,7,7,'calpol'),
    (680,'1967-08-29 00:00:00','2006-08-14 00:00:00',486,'brake ',4,8,8,'nurephen '),
    (681,'1991-10-24 00:00:00','2004-10-01 00:00:00',437,'brake ',8,9,9,'nurephen '),
    (682,'2002-05-04 00:00:00','2008-03-03 00:00:00',440,'injury',1,10,10,'super drug'),
    (683,'1964-12-27 00:00:00','2014-07-02 00:00:00',50,'injury',3,11,11,'morphine '),
    (684,'2003-09-18 00:00:00','1971-01-03 00:00:00',33,'injury',7,12,12,'nurephen '),
    (685,'2013-03-27 00:00:00','2008-05-30 00:00:00',54,'lung cancer',2,13,13,'nurephen '),
    (686,'1952-07-22 00:00:00','1966-05-24 00:00:00',481,'flu',6,14,14,'super drug'),
    (687,'1977-05-07 00:00:00','1971-10-29 00:00:00',246,'lung cancer',6,15,15,'parcetamol'),
    (688,'2012-03-17 00:00:00','2004-01-19 00:00:00',166,'cold',6,16,16,'super drug'),
    (689,'1995-11-23 00:00:00','2007-05-17 00:00:00',291,'cold',8,17,17,'super drug'),
    (690,'1992-02-28 00:00:00','1978-09-20 00:00:00',161,'cold',5,18,18,'super drug'),
    (691,'1982-12-19 00:00:00','2001-11-08 00:00:00',151,'injury',4,19,19,'morphine '),
    (692,'2003-01-25 00:00:00','1995-04-04 00:00:00',443,'flu',8,20,20,'super drug'),
    (693,'1994-05-30 00:00:00','1994-12-02 00:00:00',427,'HIV',5,21,21,'calpol'),
    (694,'1968-02-21 00:00:00','1986-01-15 00:00:00',233,'lung cancer',3,22,22,'calpol'),
    (695,'1988-03-26 00:00:00','1998-06-19 00:00:00',473,'injury',2,23,23,'calpol'),
    (696,'1999-05-05 00:00:00','2009-06-07 00:00:00',496,'lung cancer',1,24,24,'parcetamol'),
    (697,'1995-04-01 00:00:00','1994-05-16 00:00:00',444,'injury',4,1,1,'super drug'),
    (698,'1994-07-06 00:00:00','2016-09-29 00:00:00',402,'cancer',7,2,2,'morphine '),
    (699,'1987-06-02 00:00:00','1969-09-24 00:00:00',488,'HIV',8,3,3,'nurephen '),
    (700,'1999-03-14 00:00:00','1987-11-18 00:00:00',457,'injury',2,4,4,'calpol'),
    (701,'1978-11-09 00:00:00','2000-03-11 00:00:00',21,'lung cancer',7,5,5,'nurephen '),
    (702,'2005-11-10 00:00:00','1994-06-04 00:00:00',400,'brake ',1,6,6,'morphine '),
    (703,'1951-08-15 00:00:00','1984-05-06 00:00:00',237,'lung cancer',5,7,7,'nurephen '),
    (704,'1968-04-22 00:00:00','1964-11-06 00:00:00',22,'lung cancer',8,8,8,'morphine '),
    (705,'2008-09-20 00:00:00','1969-11-24 00:00:00',275,'cancer',6,9,9,'super drug'),
    (706,'1989-11-24 00:00:00','1987-04-12 00:00:00',253,'flu',7,10,10,'parcetamol'),
    (707,'1956-04-11 00:00:00','2006-12-06 00:00:00',37,'brake ',8,11,11,'morphine '),
    (708,'2009-07-06 00:00:00','1996-04-04 00:00:00',391,'lung cancer',3,12,12,'calpol'),
    (709,'1972-06-11 00:00:00','1994-01-08 00:00:00',10,'cancer',3,13,13,'super drug'),
    (710,'1974-06-07 00:00:00','1999-11-02 00:00:00',364,'flu',4,14,14,'parcetamol'),
    (711,'2014-02-09 00:00:00','1962-10-31 00:00:00',302,'injury',6,15,15,'parcetamol'),
    (712,'1981-10-15 00:00:00','1967-03-08 00:00:00',307,'brake ',6,16,16,'super drug'),
    (713,'2002-08-31 00:00:00','1994-06-26 00:00:00',417,'cold',7,17,17,'calpol'),
    (714,'1979-04-23 00:00:00','1999-07-05 00:00:00',163,'flu',7,18,18,'nurephen '),
    (715,'1974-05-06 00:00:00','1975-02-06 00:00:00',330,'HIV',5,19,19,'calpol'),
    (716,'1962-04-27 00:00:00','1964-07-13 00:00:00',325,'brake ',8,20,20,'calpol'),
    (717,'1973-04-25 00:00:00','2018-10-20 00:00:00',52,'flu',8,21,21,'nurephen '),
    (718,'1997-07-07 00:00:00','1982-11-12 00:00:00',48,'brake ',6,22,22,'nurephen '),
    (719,'1968-05-08 00:00:00','2008-08-07 00:00:00',52,'lung cancer',4,23,23,'parcetamol'),
    (720,'1987-11-06 00:00:00','1993-05-05 00:00:00',260,'injury',6,24,24,'nurephen '),
    (721,'1965-08-08 00:00:00','1965-05-04 00:00:00',405,'flu',8,1,1,'morphine '),
    (722,'2013-04-06 00:00:00','1965-01-21 00:00:00',284,'HIV',1,2,2,'super drug'),
    (723,'1973-01-02 00:00:00','2007-05-12 00:00:00',107,'flu',7,3,3,'super drug'),
    (724,'2014-05-07 00:00:00','1983-07-21 00:00:00',155,'HIV',6,4,4,'parcetamol'),
    (725,'1994-05-17 00:00:00','1966-02-04 00:00:00',1,'cancer',3,5,5,'parcetamol'),
    (726,'1955-01-13 00:00:00','1962-01-13 00:00:00',140,'HIV',7,6,6,'calpol'),
    (727,'1992-09-20 00:00:00','1964-05-10 00:00:00',418,'HIV',4,7,7,'super drug'),
    (728,'1997-01-29 00:00:00','1974-08-28 00:00:00',435,'brake ',1,8,8,'super drug'),
    (729,'2010-05-11 00:00:00','1985-11-19 00:00:00',413,'cancer',2,9,9,'calpol'),
    (730,'1954-01-24 00:00:00','2013-10-22 00:00:00',419,'lung cancer',3,10,10,'super drug'),
    (731,'2014-12-24 00:00:00','1992-02-25 00:00:00',15,'lung cancer',6,11,11,'morphine '),
    (732,'1992-04-10 00:00:00','1990-10-27 00:00:00',262,'HIV',6,12,12,'super drug'),
    (733,'1970-12-23 00:00:00','1961-03-07 00:00:00',488,'HIV',7,13,13,'calpol'),
    (734,'1979-11-19 00:00:00','1962-04-30 00:00:00',300,'lung cancer',8,14,14,'morphine '),
    (735,'1995-09-08 00:00:00','1971-08-17 00:00:00',284,'cancer',5,15,15,'parcetamol'),
    (736,'2013-05-13 00:00:00','1981-09-04 00:00:00',350,'injury',3,16,16,'super drug'),
    (737,'1970-10-23 00:00:00','1981-07-11 00:00:00',443,'HIV',3,17,17,'parcetamol'),
    (738,'1955-05-08 00:00:00','2005-09-16 00:00:00',6,'flu',7,18,18,'morphine '),
    (739,'2011-11-01 00:00:00','2015-01-01 00:00:00',221,'cancer',1,19,19,'calpol'),
    (740,'1962-06-24 00:00:00','2001-08-17 00:00:00',463,'cold',6,20,20,'calpol'),
    (741,'2000-08-07 00:00:00','1993-10-15 00:00:00',408,'brake ',3,21,21,'calpol'),
    (742,'1976-12-17 00:00:00','2012-11-30 00:00:00',419,'injury',7,22,22,'super drug'),
    (743,'1991-06-13 00:00:00','2017-06-26 00:00:00',26,'cancer',5,23,23,'calpol'),
    (744,'1982-01-04 00:00:00','1978-06-01 00:00:00',200,'lung cancer',5,24,24,'nurephen '),
    (745,'1961-10-14 00:00:00','2006-12-04 00:00:00',78,'injury',7,1,1,'morphine '),
    (746,'1983-02-18 00:00:00','2002-01-08 00:00:00',222,'injury',5,2,2,'nurephen '),
    (747,'1979-01-17 00:00:00','1988-10-31 00:00:00',357,'lung cancer',2,3,3,'morphine '),
    (748,'2010-05-06 00:00:00','2012-10-08 00:00:00',111,'cancer',4,4,4,'morphine '),
    (749,'1973-06-06 00:00:00','2004-10-12 00:00:00',63,'cold',4,5,5,'parcetamol'),
    (750,'1989-02-04 00:00:00','1985-05-30 00:00:00',70,'lung cancer',4,6,6,'nurephen ');
INSERT INTO stay VALUES
    (751,'2002-06-22 00:00:00','1999-01-11 00:00:00',262,'cold',8,7,7,'morphine '),
    (752,'1992-02-27 00:00:00','2014-02-01 00:00:00',488,'cold',3,8,8,'parcetamol'),
    (753,'1986-01-01 00:00:00','2018-02-24 00:00:00',345,'HIV',3,9,9,'super drug'),
    (754,'1956-04-02 00:00:00','1980-06-18 00:00:00',49,'brake ',2,10,10,'super drug'),
    (755,'1973-09-18 00:00:00','1985-09-30 00:00:00',169,'cold',3,11,11,'calpol'),
    (756,'1972-12-08 00:00:00','2005-09-04 00:00:00',339,'cancer',1,12,12,'morphine '),
    (757,'1971-02-24 00:00:00','2013-05-25 00:00:00',54,'cancer',2,13,13,'nurephen '),
    (758,'1972-12-30 00:00:00','1991-06-21 00:00:00',208,'flu',6,14,14,'nurephen '),
    (759,'1979-12-07 00:00:00','2005-02-24 00:00:00',488,'brake ',7,15,15,'morphine '),
    (760,'1998-03-19 00:00:00','2010-10-28 00:00:00',277,'brake ',6,16,16,'parcetamol'),
    (761,'1978-10-25 00:00:00','1995-09-23 00:00:00',146,'flu',5,17,17,'morphine '),
    (762,'1984-05-17 00:00:00','1993-07-27 00:00:00',439,'brake ',1,18,18,'calpol'),
    (763,'1965-11-04 00:00:00','1985-09-23 00:00:00',140,'flu',4,19,19,'super drug'),
    (764,'1984-10-06 00:00:00','1961-10-01 00:00:00',236,'flu',2,20,20,'super drug'),
    (765,'2014-08-11 00:00:00','1980-08-28 00:00:00',212,'HIV',2,21,21,'morphine '),
    (766,'1959-06-27 00:00:00','2011-07-22 00:00:00',44,'brake ',2,22,22,'calpol'),
    (767,'1953-08-25 00:00:00','1998-10-21 00:00:00',190,'lung cancer',4,23,23,'super drug'),
    (768,'1962-10-11 00:00:00','2014-06-03 00:00:00',182,'cancer',2,24,24,'nurephen '),
    (769,'2017-08-29 00:00:00','1986-01-16 00:00:00',40,'injury',6,1,1,'calpol'),
    (770,'1970-03-28 00:00:00','1964-11-27 00:00:00',500,'flu',2,2,2,'calpol'),
    (771,'1979-10-16 00:00:00','1987-07-03 00:00:00',344,'HIV',4,3,3,'parcetamol'),
    (772,'1981-05-07 00:00:00','2016-10-20 00:00:00',413,'cancer',2,4,4,'nurephen '),
    (773,'1982-11-19 00:00:00','2016-05-13 00:00:00',165,'cold',8,5,5,'calpol'),
    (774,'2015-10-09 00:00:00','2000-08-15 00:00:00',76,'flu',8,6,6,'calpol'),
    (775,'2015-05-27 00:00:00','1975-06-15 00:00:00',317,'brake ',6,7,7,'parcetamol'),
    (776,'2002-03-09 00:00:00','2014-02-08 00:00:00',389,'lung cancer',4,8,8,'nurephen '),
    (777,'1958-04-15 00:00:00','2002-11-13 00:00:00',419,'injury',8,9,9,'parcetamol'),
    (778,'1979-02-23 00:00:00','2000-03-03 00:00:00',434,'flu',6,10,10,'nurephen '),
    (779,'1985-08-11 00:00:00','1965-05-18 00:00:00',393,'HIV',1,11,11,'nurephen '),
    (780,'1997-12-02 00:00:00','1981-09-24 00:00:00',268,'injury',7,12,12,'parcetamol'),
    (781,'2017-07-27 00:00:00','1992-07-25 00:00:00',312,'lung cancer',1,13,13,'parcetamol'),
    (782,'1999-03-17 00:00:00','1999-08-13 00:00:00',225,'injury',8,14,14,'parcetamol'),
    (783,'1961-07-14 00:00:00','2010-05-10 00:00:00',382,'flu',8,15,15,'super drug'),
    (784,'1983-02-05 00:00:00','1977-07-03 00:00:00',282,'injury',7,16,16,'calpol'),
    (785,'2004-10-26 00:00:00','1999-12-07 00:00:00',491,'cancer',7,17,17,'super drug'),
    (786,'2011-12-25 00:00:00','2014-07-27 00:00:00',361,'lung cancer',6,18,18,'calpol'),
    (787,'1984-12-27 00:00:00','2009-12-30 00:00:00',375,'HIV',3,19,19,'calpol'),
    (788,'2009-12-23 00:00:00','1981-03-21 00:00:00',236,'injury',7,20,20,'nurephen '),
    (789,'1977-08-08 00:00:00','1997-08-04 00:00:00',283,'injury',5,21,21,'parcetamol'),
    (790,'1964-03-03 00:00:00','1978-02-01 00:00:00',190,'cold',1,22,22,'parcetamol'),
    (791,'1964-03-13 00:00:00','1969-10-19 00:00:00',174,'HIV',3,23,23,'nurephen '),
    (792,'2017-10-04 00:00:00','2000-11-19 00:00:00',426,'cancer',2,24,24,'calpol'),
    (793,'1983-09-13 00:00:00','2014-07-06 00:00:00',485,'lung cancer',3,1,1,'parcetamol'),
    (794,'2006-04-29 00:00:00','1978-03-28 00:00:00',148,'lung cancer',6,2,2,'nurephen '),
    (795,'1968-02-04 00:00:00','1996-02-09 00:00:00',372,'injury',6,3,3,'morphine '),
    (796,'1992-02-02 00:00:00','2014-11-19 00:00:00',81,'flu',5,4,4,'super drug'),
    (797,'1975-05-14 00:00:00','1982-11-07 00:00:00',372,'HIV',6,5,5,'parcetamol'),
    (798,'1992-05-03 00:00:00','1976-02-26 00:00:00',193,'flu',6,6,6,'morphine '),
    (799,'2006-11-14 00:00:00','2012-09-17 00:00:00',279,'lung cancer',6,7,7,'calpol'),
    (800,'2006-04-06 00:00:00','1984-12-11 00:00:00',296,'cold',8,8,8,'parcetamol'),
    (801,'2016-02-09 00:00:00','2004-07-24 00:00:00',407,'cold',2,9,9,'calpol'),
    (802,'2003-03-29 00:00:00','1999-12-10 00:00:00',488,'injury',3,10,10,'calpol'),
    (803,'1990-10-29 00:00:00','2015-12-16 00:00:00',108,'cancer',2,11,11,'parcetamol'),
    (804,'1971-02-04 00:00:00','1966-11-27 00:00:00',443,'lung cancer',8,12,12,'calpol'),
    (805,'2004-10-18 00:00:00','1993-05-19 00:00:00',221,'flu',4,13,13,'parcetamol'),
    (806,'1993-05-04 00:00:00','1990-06-03 00:00:00',468,'flu',8,14,14,'parcetamol'),
    (807,'2013-11-10 00:00:00','2000-06-25 00:00:00',155,'cold',7,15,15,'super drug'),
    (808,'1955-09-25 00:00:00','1987-05-17 00:00:00',253,'lung cancer',7,16,16,'calpol'),
    (809,'1994-03-07 00:00:00','1962-02-06 00:00:00',461,'HIV',3,17,17,'super drug'),
    (810,'1954-04-27 00:00:00','1989-01-10 00:00:00',100,'flu',5,18,18,'super drug'),
    (811,'1958-08-09 00:00:00','2011-10-07 00:00:00',359,'cold',2,19,19,'calpol'),
    (812,'1996-08-17 00:00:00','1999-08-12 00:00:00',169,'brake ',1,20,20,'parcetamol'),
    (813,'1987-04-01 00:00:00','1998-01-02 00:00:00',59,'injury',7,21,21,'morphine '),
    (814,'1984-06-26 00:00:00','1982-08-13 00:00:00',252,'lung cancer',1,22,22,'nurephen '),
    (815,'1991-07-25 00:00:00','1981-04-01 00:00:00',181,'lung cancer',5,23,23,'nurephen '),
    (816,'2017-08-02 00:00:00','2009-01-16 00:00:00',27,'cancer',6,24,24,'morphine '),
    (817,'2018-10-24 00:00:00','1970-01-13 00:00:00',224,'cold',2,1,1,'calpol'),
    (818,'1985-11-18 00:00:00','2009-03-16 00:00:00',89,'cold',6,2,2,'nurephen '),
    (819,'2004-10-30 00:00:00','1996-04-10 00:00:00',260,'cancer',5,3,3,'nurephen '),
    (820,'1988-04-29 00:00:00','1998-11-22 00:00:00',423,'cancer',6,4,4,'calpol'),
    (821,'1992-03-20 00:00:00','1980-01-26 00:00:00',118,'cancer',5,5,5,'super drug'),
    (822,'1955-04-11 00:00:00','1986-09-13 00:00:00',376,'HIV',1,6,6,'calpol'),
    (823,'1993-09-23 00:00:00','1988-12-09 00:00:00',423,'HIV',6,7,7,'super drug'),
    (824,'2015-06-27 00:00:00','1993-08-18 00:00:00',218,'injury',5,8,8,'nurephen '),
    (825,'1968-09-10 00:00:00','2016-04-08 00:00:00',462,'HIV',3,9,9,'morphine '),
    (826,'1959-02-12 00:00:00','1986-05-24 00:00:00',29,'lung cancer',3,10,10,'parcetamol'),
    (827,'1994-09-04 00:00:00','2015-12-20 00:00:00',303,'injury',4,11,11,'nurephen '),
    (828,'1985-03-08 00:00:00','1974-02-02 00:00:00',295,'HIV',8,12,12,'nurephen '),
    (829,'1986-04-13 00:00:00','1994-03-24 00:00:00',392,'HIV',8,13,13,'nurephen '),
    (830,'2016-05-13 00:00:00','1978-07-10 00:00:00',265,'HIV',4,14,14,'morphine '),
    (831,'1974-06-19 00:00:00','1996-07-14 00:00:00',326,'cancer',1,15,15,'super drug'),
    (832,'1951-02-17 00:00:00','1995-08-02 00:00:00',218,'lung cancer',8,16,16,'super drug'),
    (833,'2011-01-12 00:00:00','2018-07-19 00:00:00',448,'brake ',6,17,17,'calpol'),
    (834,'2013-03-09 00:00:00','1964-07-14 00:00:00',433,'flu',6,18,18,'parcetamol'),
    (835,'1976-07-15 00:00:00','1982-11-20 00:00:00',69,'flu',8,19,19,'calpol'),
    (836,'1966-07-29 00:00:00','2000-03-17 00:00:00',289,'cold',8,20,20,'calpol'),
    (837,'1982-01-07 00:00:00','1980-09-23 00:00:00',136,'cold',8,21,21,'nurephen '),
    (838,'1959-11-19 00:00:00','1999-11-19 00:00:00',385,'lung cancer',6,22,22,'calpol'),
    (839,'1992-02-13 00:00:00','1982-10-12 00:00:00',231,'brake ',6,23,23,'morphine '),
    (840,'2001-04-06 00:00:00','1997-03-22 00:00:00',470,'brake ',5,24,24,'parcetamol'),
    (841,'1977-05-03 00:00:00','1967-05-22 00:00:00',379,'cold',4,1,1,'nurephen '),
    (842,'2002-03-12 00:00:00','1979-05-30 00:00:00',175,'lung cancer',6,2,2,'super drug'),
    (843,'1987-11-23 00:00:00','2010-06-11 00:00:00',87,'flu',6,3,3,'morphine '),
    (844,'1988-06-27 00:00:00','2010-06-22 00:00:00',326,'cancer',7,4,4,'super drug'),
    (845,'1988-06-11 00:00:00','1993-01-20 00:00:00',145,'brake ',6,5,5,'parcetamol'),
    (846,'1965-10-07 00:00:00','1987-01-09 00:00:00',141,'HIV',5,6,6,'parcetamol'),
    (847,'1958-12-15 00:00:00','2006-06-20 00:00:00',176,'cancer',6,7,7,'nurephen '),
    (848,'1972-04-24 00:00:00','1991-04-30 00:00:00',394,'brake ',7,8,8,'super drug'),
    (849,'1968-05-29 00:00:00','1974-12-27 00:00:00',194,'cold',8,9,9,'calpol'),
    (850,'1981-01-03 00:00:00','1996-03-30 00:00:00',387,'brake ',4,10,10,'super drug'),
    (851,'1997-02-01 00:00:00','1998-11-04 00:00:00',434,'lung cancer',8,11,11,'nurephen '),
    (852,'1987-04-13 00:00:00','1978-01-16 00:00:00',398,'injury',6,12,12,'morphine '),
    (853,'1955-12-19 00:00:00','1986-01-19 00:00:00',187,'lung cancer',1,13,13,'calpol'),
    (854,'1970-07-04 00:00:00','1978-05-23 00:00:00',465,'cancer',2,14,14,'morphine '),
    (855,'1995-08-18 00:00:00','1994-06-24 00:00:00',9,'injury',8,15,15,'parcetamol'),
    (856,'1953-09-13 00:00:00','1985-09-24 00:00:00',116,'lung cancer',3,16,16,'super drug'),
    (857,'2011-04-12 00:00:00','2005-04-10 00:00:00',426,'HIV',1,17,17,'morphine '),
    (858,'2001-12-25 00:00:00','2018-09-22 00:00:00',77,'HIV',7,18,18,'calpol'),
    (859,'1971-11-22 00:00:00','1978-11-04 00:00:00',278,'injury',5,19,19,'super drug'),
    (860,'2013-08-27 00:00:00','2004-05-06 00:00:00',28,'HIV',5,20,20,'parcetamol'),
    (861,'2016-02-16 00:00:00','1968-05-17 00:00:00',289,'brake ',7,21,21,'super drug'),
    (862,'2007-11-20 00:00:00','1970-08-09 00:00:00',4,'cold',4,22,22,'morphine '),
    (863,'2001-11-04 00:00:00','1961-07-11 00:00:00',257,'brake ',7,23,23,'calpol'),
    (864,'2018-03-21 00:00:00','1991-08-31 00:00:00',113,'cancer',7,24,24,'calpol'),
    (865,'1977-06-22 00:00:00','1980-01-16 00:00:00',283,'cancer',8,1,1,'parcetamol'),
    (866,'1979-12-18 00:00:00','2018-09-12 00:00:00',374,'HIV',5,2,2,'parcetamol'),
    (867,'1957-05-06 00:00:00','1961-03-30 00:00:00',241,'lung cancer',1,3,3,'parcetamol'),
    (868,'1981-01-30 00:00:00','1973-09-10 00:00:00',260,'cancer',5,4,4,'nurephen '),
    (869,'1964-02-21 00:00:00','2003-06-09 00:00:00',223,'injury',3,5,5,'calpol'),
    (870,'1963-06-10 00:00:00','2012-01-08 00:00:00',326,'cancer',7,6,6,'morphine '),
    (871,'1992-09-04 00:00:00','2008-04-26 00:00:00',217,'brake ',1,7,7,'nurephen '),
    (872,'1952-04-06 00:00:00','1967-04-25 00:00:00',77,'cold',8,8,8,'super drug'),
    (873,'1970-04-26 00:00:00','1996-12-31 00:00:00',390,'flu',4,9,9,'parcetamol'),
    (874,'2009-06-26 00:00:00','1997-11-28 00:00:00',374,'injury',7,10,10,'nurephen '),
    (875,'2013-01-07 00:00:00','1963-11-03 00:00:00',134,'HIV',2,11,11,'morphine '),
    (876,'1988-06-22 00:00:00','1981-05-03 00:00:00',348,'brake ',5,12,12,'morphine '),
    (877,'2018-06-08 00:00:00','2003-06-04 00:00:00',28,'cold',4,13,13,'parcetamol'),
    (878,'1977-10-18 00:00:00','2015-07-19 00:00:00',101,'HIV',4,14,14,'nurephen '),
    (879,'2002-10-13 00:00:00','1986-04-06 00:00:00',23,'brake ',4,15,15,'calpol'),
    (880,'2012-05-23 00:00:00','1998-08-23 00:00:00',308,'cold',7,16,16,'nurephen '),
    (881,'2004-06-28 00:00:00','2012-12-17 00:00:00',485,'injury',2,17,17,'parcetamol'),
    (882,'1994-10-17 00:00:00','1977-07-11 00:00:00',261,'cancer',1,18,18,'super drug'),
    (883,'2002-10-28 00:00:00','2015-06-30 00:00:00',6,'cancer',8,19,19,'morphine '),
    (884,'1986-11-03 00:00:00','2015-03-28 00:00:00',330,'cold',8,20,20,'super drug'),
    (885,'2010-04-20 00:00:00','2003-07-26 00:00:00',13,'cold',3,21,21,'nurephen '),
    (886,'1951-05-19 00:00:00','1963-05-17 00:00:00',186,'cold',7,22,22,'nurephen '),
    (887,'1952-04-18 00:00:00','1980-11-01 00:00:00',56,'flu',8,23,23,'nurephen '),
    (888,'2012-06-08 00:00:00','2010-03-21 00:00:00',95,'HIV',7,24,24,'morphine '),
    (889,'1988-06-06 00:00:00','1975-07-08 00:00:00',208,'lung cancer',6,1,1,'parcetamol'),
    (890,'2003-08-09 00:00:00','1991-06-28 00:00:00',24,'brake ',2,2,2,'morphine '),
    (891,'1977-07-30 00:00:00','1984-10-28 00:00:00',178,'cancer',7,3,3,'nurephen '),
    (892,'2004-03-15 00:00:00','1979-04-14 00:00:00',341,'cold',4,4,4,'nurephen '),
    (893,'1951-03-05 00:00:00','2014-06-24 00:00:00',99,'injury',1,5,5,'super drug'),
    (894,'2018-08-31 00:00:00','1999-08-23 00:00:00',14,'HIV',2,6,6,'nurephen '),
    (895,'1982-03-06 00:00:00','2008-01-13 00:00:00',445,'cold',4,7,7,'parcetamol'),
    (896,'2000-04-06 00:00:00','2011-07-03 00:00:00',124,'injury',4,8,8,'nurephen '),
    (897,'1973-07-06 00:00:00','1968-02-08 00:00:00',52,'injury',7,9,9,'morphine '),
    (898,'1978-02-17 00:00:00','1981-03-30 00:00:00',498,'flu',6,10,10,'nurephen '),
    (899,'1961-10-05 00:00:00','2017-11-26 00:00:00',183,'cancer',6,11,11,'parcetamol'),
    (900,'1978-10-02 00:00:00','2018-04-07 00:00:00',79,'brake ',6,12,12,'nurephen '),
    (901,'1986-10-26 00:00:00','1991-05-30 00:00:00',444,'brake ',7,13,13,'calpol'),
    (902,'2015-03-01 00:00:00','1972-02-24 00:00:00',143,'injury',5,14,14,'super drug'),
    (903,'1951-03-31 00:00:00','1968-12-16 00:00:00',313,'lung cancer',6,15,15,'parcetamol'),
    (904,'1969-05-28 00:00:00','1981-06-02 00:00:00',80,'cancer',5,16,16,'parcetamol'),
    (905,'1992-08-15 00:00:00','1992-05-28 00:00:00',172,'cold',5,17,17,'super drug'),
    (906,'2006-01-08 00:00:00','1992-03-09 00:00:00',383,'HIV',6,18,18,'parcetamol'),
    (907,'1960-02-29 00:00:00','1988-11-20 00:00:00',412,'HIV',2,19,19,'super drug'),
    (908,'1960-02-06 00:00:00','1999-09-03 00:00:00',441,'HIV',2,20,20,'calpol'),
    (909,'1991-03-25 00:00:00','1973-01-19 00:00:00',387,'injury',3,21,21,'parcetamol'),
    (910,'1983-10-30 00:00:00','2002-04-28 00:00:00',227,'injury',3,22,22,'super drug'),
    (911,'1985-04-22 00:00:00','2006-01-09 00:00:00',494,'cold',5,23,23,'nurephen '),
    (912,'2013-05-31 00:00:00','2005-08-02 00:00:00',232,'cold',5,24,24,'parcetamol'),
    (913,'1993-03-21 00:00:00','2009-04-12 00:00:00',103,'HIV',8,1,1,'nurephen '),
    (914,'1980-04-04 00:00:00','1973-07-11 00:00:00',139,'cold',5,2,2,'calpol'),
    (915,'1975-12-02 00:00:00','1974-10-12 00:00:00',346,'HIV',8,3,3,'calpol'),
    (916,'1957-08-04 00:00:00','1975-07-07 00:00:00',246,'injury',2,4,4,'nurephen '),
    (917,'1971-07-03 00:00:00','1984-07-26 00:00:00',253,'brake ',5,5,5,'calpol'),
    (918,'1994-08-17 00:00:00','1969-07-26 00:00:00',348,'cancer',3,6,6,'super drug'),
    (919,'1958-05-30 00:00:00','2003-11-26 00:00:00',253,'flu',5,7,7,'parcetamol'),
    (920,'1988-07-10 00:00:00','2002-03-12 00:00:00',13,'lung cancer',6,8,8,'calpol'),
    (921,'1965-07-15 00:00:00','2014-10-01 00:00:00',175,'injury',2,9,9,'calpol'),
    (922,'1960-05-02 00:00:00','1995-04-10 00:00:00',287,'injury',2,10,10,'parcetamol'),
    (923,'1987-09-03 00:00:00','2007-08-04 00:00:00',469,'flu',2,11,11,'calpol'),
    (924,'1987-12-10 00:00:00','1988-05-04 00:00:00',317,'flu',4,12,12,'nurephen '),
    (925,'1968-04-09 00:00:00','1977-07-16 00:00:00',464,'cancer',1,13,13,'nurephen '),
    (926,'1981-06-16 00:00:00','1992-10-24 00:00:00',422,'HIV',8,14,14,'calpol'),
    (927,'1984-06-09 00:00:00','1995-04-26 00:00:00',369,'lung cancer',8,15,15,'parcetamol'),
    (928,'1986-07-14 00:00:00','2011-08-03 00:00:00',378,'lung cancer',3,16,16,'morphine '),
    (929,'2015-12-26 00:00:00','1973-02-05 00:00:00',365,'cancer',4,17,17,'morphine '),
    (930,'1957-11-04 00:00:00','2018-05-19 00:00:00',476,'flu',3,18,18,'super drug'),
    (931,'2012-11-29 00:00:00','1970-12-12 00:00:00',141,'HIV',7,19,19,'calpol'),
    (932,'1975-01-07 00:00:00','1969-10-31 00:00:00',346,'brake ',8,20,20,'calpol'),
    (933,'1982-04-18 00:00:00','1967-05-31 00:00:00',107,'cold',5,21,21,'super drug'),
    (934,'1999-01-02 00:00:00','2010-04-25 00:00:00',383,'brake ',5,22,22,'nurephen '),
    (935,'2014-12-22 00:00:00','2010-02-02 00:00:00',61,'cold',1,23,23,'parcetamol'),
    (936,'1978-08-12 00:00:00','1995-11-19 00:00:00',428,'flu',8,24,24,'nurephen '),
    (937,'1972-08-02 00:00:00','2005-08-31 00:00:00',477,'cold',3,1,1,'morphine '),
    (938,'1956-02-08 00:00:00','1968-04-27 00:00:00',323,'flu',1,2,2,'morphine '),
    (939,'1977-05-24 00:00:00','1985-01-02 00:00:00',318,'flu',4,3,3,'calpol'),
    (940,'1972-01-26 00:00:00','2001-07-01 00:00:00',235,'cold',1,4,4,'parcetamol'),
    (941,'1964-08-09 00:00:00','1961-10-11 00:00:00',134,'cold',4,5,5,'super drug'),
    (942,'2000-12-24 00:00:00','1997-12-30 00:00:00',145,'HIV',2,6,6,'morphine '),
    (943,'1991-01-21 00:00:00','2007-05-02 00:00:00',59,'brake ',2,7,7,'parcetamol'),
    (944,'1992-03-23 00:00:00','1971-02-06 00:00:00',360,'cold',5,8,8,'calpol'),
    (945,'1977-09-27 00:00:00','1979-05-20 00:00:00',184,'cancer',1,9,9,'morphine '),
    (946,'1981-05-06 00:00:00','1981-07-07 00:00:00',248,'cancer',5,10,10,'parcetamol'),
    (947,'1971-04-28 00:00:00','1988-06-04 00:00:00',309,'HIV',5,11,11,'calpol'),
    (948,'1962-04-03 00:00:00','2018-11-06 00:00:00',276,'cancer',6,12,12,'parcetamol'),
    (949,'2004-08-18 00:00:00','1971-09-22 00:00:00',383,'brake ',6,13,13,'morphine '),
    (950,'1957-02-27 00:00:00','1979-02-07 00:00:00',325,'brake ',5,14,14,'super drug'),
    (951,'1987-07-21 00:00:00','1979-08-04 00:00:00',407,'injury',3,15,15,'morphine '),
    (952,'1993-10-14 00:00:00','2015-08-03 00:00:00',410,'cold',6,16,16,'calpol'),
    (953,'1956-03-11 00:00:00','1989-08-02 00:00:00',85,'cancer',3,17,17,'super drug'),
    (954,'1986-05-18 00:00:00','2010-07-07 00:00:00',32,'injury',1,18,18,'morphine '),
    (955,'1975-08-08 00:00:00','2004-09-09 00:00:00',268,'lung cancer',2,19,19,'parcetamol'),
    (956,'1991-07-24 00:00:00','1963-01-15 00:00:00',492,'lung cancer',3,20,20,'super drug'),
    (957,'1972-03-04 00:00:00','1979-01-25 00:00:00',362,'brake ',1,21,21,'morphine '),
    (958,'1986-02-02 00:00:00','1961-05-10 00:00:00',304,'cancer',5,22,22,'calpol'),
    (959,'2013-11-15 00:00:00','1995-04-21 00:00:00',307,'HIV',2,23,23,'nurephen '),
    (960,'2011-08-10 00:00:00','1963-02-25 00:00:00',48,'lung cancer',6,24,24,'nurephen '),
    (961,'1977-02-09 00:00:00','1986-02-18 00:00:00',156,'injury',7,1,1,'super drug'),
    (962,'1999-10-19 00:00:00','1961-09-12 00:00:00',232,'flu',7,2,2,'nurephen '),
    (963,'1986-02-18 00:00:00','2014-08-07 00:00:00',69,'injury',5,3,3,'super drug'),
    (964,'1951-04-23 00:00:00','1967-08-29 00:00:00',495,'cold',4,4,4,'calpol'),
    (965,'1961-12-09 00:00:00','1992-05-20 00:00:00',162,'brake ',1,5,5,'calpol'),
    (966,'1964-04-22 00:00:00','2013-06-23 00:00:00',56,'injury',6,6,6,'parcetamol'),
    (967,'1991-01-02 00:00:00','2005-06-20 00:00:00',255,'cancer',5,7,7,'calpol'),
    (968,'1970-05-30 00:00:00','1977-02-26 00:00:00',85,'HIV',3,8,8,'morphine '),
    (969,'1992-02-01 00:00:00','1999-10-10 00:00:00',498,'lung cancer',8,9,9,'morphine '),
    (970,'1994-02-09 00:00:00','1987-05-21 00:00:00',495,'cold',5,10,10,'calpol'),
    (971,'1966-11-13 00:00:00','2010-07-30 00:00:00',374,'lung cancer',2,11,11,'nurephen '),
    (972,'1951-02-11 00:00:00','2007-12-15 00:00:00',461,'cold',5,12,12,'morphine '),
    (973,'2008-04-23 00:00:00','1969-09-10 00:00:00',25,'lung cancer',5,13,13,'morphine '),
    (974,'1975-06-11 00:00:00','1983-09-13 00:00:00',108,'brake ',6,14,14,'calpol'),
    (975,'1981-05-28 00:00:00','1963-02-19 00:00:00',384,'cold',7,15,15,'nurephen '),
    (976,'1961-02-16 00:00:00','2001-10-13 00:00:00',260,'HIV',2,16,16,'calpol'),
    (977,'1956-10-07 00:00:00','1969-03-17 00:00:00',154,'HIV',2,17,17,'parcetamol'),
    (978,'1959-10-07 00:00:00','1977-08-23 00:00:00',257,'injury',6,18,18,'nurephen '),
    (979,'2017-09-18 00:00:00','1986-01-08 00:00:00',73,'lung cancer',7,19,19,'super drug'),
    (980,'1952-12-21 00:00:00','1996-06-12 00:00:00',31,'HIV',3,20,20,'morphine '),
    (981,'1993-06-07 00:00:00','2004-11-19 00:00:00',272,'flu',7,21,21,'nurephen '),
    (982,'1998-12-08 00:00:00','2001-11-04 00:00:00',329,'brake ',4,22,22,'parcetamol'),
    (983,'1971-02-25 00:00:00','1964-08-04 00:00:00',425,'injury',1,23,23,'morphine '),
    (984,'1960-12-17 00:00:00','1998-04-10 00:00:00',376,'cold',2,24,24,'super drug'),
    (985,'1958-04-21 00:00:00','1982-06-08 00:00:00',130,'cancer',6,1,1,'morphine '),
    (986,'1955-04-05 00:00:00','2000-12-18 00:00:00',403,'injury',8,2,2,'super drug'),
    (987,'1972-04-02 00:00:00','2009-12-20 00:00:00',296,'lung cancer',2,3,3,'nurephen '),
    (988,'1975-08-24 00:00:00','1981-12-15 00:00:00',174,'HIV',4,4,4,'nurephen '),
    (989,'2008-02-25 00:00:00','1968-03-23 00:00:00',311,'brake ',4,5,5,'super drug'),
    (990,'2011-06-28 00:00:00','1972-02-22 00:00:00',77,'flu',3,6,6,'nurephen '),
    (991,'2009-08-30 00:00:00','1967-07-24 00:00:00',227,'HIV',7,7,7,'morphine '),
    (992,'2015-08-01 00:00:00','1982-09-30 00:00:00',380,'brake ',2,8,8,'morphine '),
    (993,'2007-05-11 00:00:00','1971-03-14 00:00:00',357,'flu',6,9,9,'parcetamol'),
    (994,'1957-06-07 00:00:00',null,12,'lung cancer',6,10,10,'calpol'),
    (995,'1981-11-27 00:00:00',null,451,'cancer',2,11,11,'nurephen '),
    (996,'2017-07-18 00:00:00',null,500,'brake ',2,12,12,'calpol'),
    (997,'1996-11-10 00:00:00',null,487,'flu',6,13,13,'morphine '),
    (998,'1973-03-09 00:00:00',null,11,'flu',2,14,14,'super drug'),
    (999,'2003-03-21 00:00:00',null,414,'injury',7,15,15,'morphine '),
    (1000,'1968-03-08 00:00:00',null,'HIV',4,16,16,'parcetamol');
